{
    "info": {
        "year": 2025,
        "version": "1.0",
        "description": "",
        "contributor": "Label Studio",
        "url": "",
        "date_created": "2025-11-30 15:34:28.593648"
    },
    "licenses": [],
    "images": [
        {
            "width": 1700,
            "height": 2200,
            "id": 35,
            "file_name": "0103332f-c24.png"
        }
    ],
    "annotations": [
        {
            "id": 151,
            "image_id": 35,
            "category_id": 0,
            "segmentation": [],
            "bbox": [
                155.97014925373134,
                197.01492537313433,
                1399.6268656716418,
                1104.1044776119402
            ],
            "ignore": 0,
            "iscrowd": 0,
            "area": 1545334.2893740253
        },
        {
            "id": 152,
            "image_id": 35,
            "category_id": 2,
            "segmentation": [],
            "bbox": [
                135.44776119402985,
                1354.4776119402986,
                1379.1044776119402,
                94.40298507462711
            ],
            "ignore": 0,
            "iscrowd": 0,
            "area": 130191.57941635141
        }
    ],
    "categories": [
        {
            "id": 0,
            "name": "Figure"
        },
        {
            "id": 1,
            "name": "Table"
        },
        {
            "id": 2,
            "name": "text"
        },
        {
            "id": 3,
            "name": "title"
        }
    ]
}