{
    "info": {
        "year": 2025,
        "version": "1.0",
        "description": "",
        "contributor": "Label Studio",
        "url": "",
        "date_created": "2025-11-30 15:34:28.593648"
    },
    "licenses": [],
    "images": [
        {
            "width": 1700,
            "height": 2200,
            "id": 64,
            "file_name": "01995c22-e9.png"
        }
    ],
    "annotations": [
        {
            "id": 257,
            "image_id": 64,
            "category_id": 2,
            "segmentation": [],
            "bbox": [
                283.65292435657506,
                194.48411591401577,
                1193.1614192506668,
                205.92917549377356
            ],
            "ignore": 0,
            "iscrowd": 0,
            "area": 245706.74729727049
        },
        {
            "id": 258,
            "image_id": 64,
            "category_id": 2,
            "segmentation": [],
            "bbox": [
                233.48382159696175,
                438.0213658267102,
                1280.6934372744222,
                164.13219141964615
            ],
            "ignore": 0,
            "iscrowd": 0,
            "area": 210203.02039661005
        },
        {
            "id": 259,
            "image_id": 64,
            "category_id": 2,
            "segmentation": [],
            "bbox": [
                233.48382159696175,
                636.829372335014,
                1262.1996692271382,
                418.4215020698023
            ],
            "ignore": 0,
            "iscrowd": 0,
            "area": 528131.4815100267
        },
        {
            "id": 260,
            "image_id": 64,
            "category_id": 2,
            "segmentation": [],
            "bbox": [
                284.341683726993,
                1085.303247481653,
                1225.21213313257,
                329.47000813557906
            ],
            "ignore": 0,
            "iscrowd": 0,
            "area": 403670.651470998
        },
        {
            "id": 261,
            "image_id": 64,
            "category_id": 3,
            "segmentation": [],
            "bbox": [
                194.1845644964828,
                1428.6435816526948,
                503.9551792884911,
                43.922699112299654
            ],
            "ignore": 0,
            "iscrowd": 0,
            "area": 22135.07170597342
        },
        {
            "id": 262,
            "image_id": 64,
            "category_id": 2,
            "segmentation": [],
            "bbox": [
                194.1845644964828,
                1491.0600488122786,
                1299.1872053217064,
                203.43144852012517
            ],
            "ignore": 0,
            "iscrowd": 0,
            "area": 264295.535077408
        },
        {
            "id": 263,
            "image_id": 64,
            "category_id": 2,
            "segmentation": [],
            "bbox": [
                189.56112248466184,
                1710.6735443737773,
                1296.8754843157958,
                173.37907544328817
            ],
            "ignore": 0,
            "iscrowd": 0,
            "area": 224851.07243573925
        },
        {
            "id": 264,
            "image_id": 64,
            "category_id": 2,
            "segmentation": [],
            "bbox": [
                189.56112248466184,
                1925.6635979234543,
                1040.2744526597294,
                99.40400325415214
            ],
            "ignore": 0,
            "iscrowd": 0,
            "area": 103407.44507739908
        }
    ],
    "categories": [
        {
            "id": 0,
            "name": "Figure"
        },
        {
            "id": 1,
            "name": "Table"
        },
        {
            "id": 2,
            "name": "text"
        },
        {
            "id": 3,
            "name": "title"
        }
    ]
}