{
    "info": {
        "year": 2025,
        "version": "1.0",
        "description": "",
        "contributor": "Label Studio",
        "url": "",
        "date_created": "2025-11-30 15:34:28.593648"
    },
    "licenses": [],
    "images": [
        {
            "width": 1700,
            "height": 2200,
            "id": 29,
            "file_name": "04720ab9-c17.png"
        }
    ],
    "annotations": [
        {
            "id": 139,
            "image_id": 29,
            "category_id": 2,
            "segmentation": [],
            "bbox": [
                135.44776119402985,
                135.44776119402985,
                1448.8805970149253,
                1900.3731343283582
            ],
            "ignore": 0,
            "iscrowd": 0,
            "area": 2753413.7614167966
        }
    ],
    "categories": [
        {
            "id": 0,
            "name": "Figure"
        },
        {
            "id": 1,
            "name": "Table"
        },
        {
            "id": 2,
            "name": "text"
        },
        {
            "id": 3,
            "name": "title"
        }
    ]
}