{
    "info": {
        "year": 2025,
        "version": "1.0",
        "description": "",
        "contributor": "Label Studio",
        "url": "",
        "date_created": "2025-11-30 15:34:28.593648"
    },
    "licenses": [],
    "images": [
        {
            "width": 1700,
            "height": 2200,
            "id": 66,
            "file_name": "04936b10-e11.png"
        }
    ],
    "annotations": [
        {
            "id": 273,
            "image_id": 66,
            "category_id": 2,
            "segmentation": [],
            "bbox": [
                190.57330713743286,
                94.97777831871275,
                770.5719173853935,
                42.501568584805874
            ],
            "ignore": 0,
            "iscrowd": 0,
            "area": 32750.515196280667
        },
        {
            "id": 274,
            "image_id": 66,
            "category_id": 2,
            "segmentation": [],
            "bbox": [
                194.26909571002471,
                198.45985835128354,
                1315.7007318426863,
                121.96102289552994
            ],
            "ignore": 0,
            "iscrowd": 0,
            "area": 160464.20707993137
        }
    ],
    "categories": [
        {
            "id": 0,
            "name": "Figure"
        },
        {
            "id": 1,
            "name": "Table"
        },
        {
            "id": 2,
            "name": "text"
        },
        {
            "id": 3,
            "name": "title"
        }
    ]
}