{
    "info": {
        "year": 2025,
        "version": "1.0",
        "description": "",
        "contributor": "Label Studio",
        "url": "",
        "date_created": "2025-11-30 15:34:28.593648"
    },
    "licenses": [],
    "images": [
        {
            "width": 1700,
            "height": 2200,
            "id": 67,
            "file_name": "076b632f-f1.png"
        }
    ],
    "annotations": [
        {
            "id": 275,
            "image_id": 67,
            "category_id": 3,
            "segmentation": [],
            "bbox": [
                414.4534185188911,
                158.33366120118097,
                952.732543571835,
                154.1184996954439
            ],
            "ignore": 0,
            "iscrowd": 0,
            "area": 146833.71022631534
        },
        {
            "id": 276,
            "image_id": 67,
            "category_id": 2,
            "segmentation": [],
            "bbox": [
                416.20476510633927,
                361.48986534517513,
                536.5277784654955,
                703.3288598233463
            ],
            "ignore": 0,
            "iscrowd": 0,
            "area": 377355.47069168993
        },
        {
            "id": 277,
            "image_id": 67,
            "category_id": 3,
            "segmentation": [],
            "bbox": [
                416.8204878126778,
                1127.8672023166575,
                658.5063168805332,
                222.4210166059247
            ],
            "ignore": 0,
            "iscrowd": 0,
            "area": 146465.64444199138
        },
        {
            "id": 278,
            "image_id": 67,
            "category_id": 3,
            "segmentation": [],
            "bbox": [
                413.31779463778133,
                1381.8124574966503,
                513.1445501223301,
                64.79982373558445
            ],
            "ignore": 0,
            "iscrowd": 0,
            "area": 33251.676398802774
        },
        {
            "id": 279,
            "image_id": 67,
            "category_id": 2,
            "segmentation": [],
            "bbox": [
                413.31779463778133,
                1448.3636278196825,
                548.1714818712945,
                579.6957204453632
            ],
            "ignore": 0,
            "iscrowd": 0,
            "area": 317772.66211098246
        },
        {
            "id": 280,
            "image_id": 67,
            "category_id": 2,
            "segmentation": [],
            "bbox": [
                201.15423421922816,
                375.78481221830157,
                198.49670081880174,
                418.0726972997771
            ],
            "ignore": 0,
            "iscrowd": 0,
            "area": 82986.05111642332
        },
        {
            "id": 281,
            "image_id": 67,
            "category_id": 2,
            "segmentation": [],
            "bbox": [
                191.47026893141054,
                1785.4405186439187,
                202.00991676249723,
                244.16850808684438
            ],
            "ignore": 0,
            "iscrowd": 0,
            "area": 49324.45999464657
        },
        {
            "id": 282,
            "image_id": 67,
            "category_id": 2,
            "segmentation": [],
            "bbox": [
                966.1343845162918,
                360.10463422879957,
                542.7918633009707,
                166.87775732554135
            ],
            "ignore": 0,
            "iscrowd": 0,
            "area": 90579.8888422178
        },
        {
            "id": 283,
            "image_id": 67,
            "category_id": 3,
            "segmentation": [],
            "bbox": [
                967.8909924881393,
                556.8447270757534,
                534.0088234417321,
                28.105727549564964
            ],
            "ignore": 0,
            "iscrowd": 0,
            "area": 15008.706500717064
        },
        {
            "id": 284,
            "image_id": 67,
            "category_id": 2,
            "segmentation": [],
            "bbox": [
                971.4042084318348,
                588.463670569014,
                551.57490316021,
                476.04076037075464
            ],
            "ignore": 0,
            "iscrowd": 0,
            "area": 262572.1363018117
        },
        {
            "id": 285,
            "image_id": 67,
            "category_id": 2,
            "segmentation": [],
            "bbox": [
                1115.8632735936164,
                1069.148385157015,
                397.4087260734821,
                313.1099053912283
            ],
            "ignore": 0,
            "iscrowd": 0,
            "area": 124432.60862251656
        },
        {
            "id": 286,
            "image_id": 67,
            "category_id": 2,
            "segmentation": [],
            "bbox": [
                975.4577821803654,
                1386.0039868017311,
                538.6366204632322,
                191.58822882330406
            ],
            "ignore": 0,
            "iscrowd": 0,
            "area": 103196.43609392093
        },
        {
            "id": 287,
            "image_id": 67,
            "category_id": 3,
            "segmentation": [],
            "bbox": [
                971.0786226644043,
                1606.056752478783,
                435.7263718381429,
                62.40302310244786
            ],
            "ignore": 0,
            "iscrowd": 0,
            "area": 27190.642848161417
        },
        {
            "id": 288,
            "image_id": 67,
            "category_id": 2,
            "segmentation": [],
            "bbox": [
                974.3629923013752,
                1671.7441452182015,
                537.5418305842414,
                350.332761276899
            ],
            "ignore": 0,
            "iscrowd": 0,
            "area": 188318.51381041636
        }
    ],
    "categories": [
        {
            "id": 0,
            "name": "Figure"
        },
        {
            "id": 1,
            "name": "Table"
        },
        {
            "id": 2,
            "name": "text"
        },
        {
            "id": 3,
            "name": "title"
        }
    ]
}