{
    "info": {
        "year": 2025,
        "version": "1.0",
        "description": "",
        "contributor": "Label Studio",
        "url": "",
        "date_created": "2025-11-30 15:34:28.593648"
    },
    "licenses": [],
    "images": [
        {
            "width": 1700,
            "height": 2200,
            "id": 39,
            "file_name": "0beec239-c28.png"
        }
    ],
    "annotations": [
        {
            "id": 159,
            "image_id": 39,
            "category_id": 0,
            "segmentation": [],
            "bbox": [
                143.65671641791042,
                192.91044776119404,
                1407.8358208955228,
                1141.0447761194027
            ],
            "ignore": 0,
            "iscrowd": 0,
            "area": 1606403.7090666075
        },
        {
            "id": 160,
            "image_id": 39,
            "category_id": 2,
            "segmentation": [],
            "bbox": [
                131.34328358208955,
                1346.268656716418,
                1329.8507462686566,
                106.7164179104477
            ],
            "ignore": 0,
            "iscrowd": 0,
            "area": 141916.90799732672
        }
    ],
    "categories": [
        {
            "id": 0,
            "name": "Figure"
        },
        {
            "id": 1,
            "name": "Table"
        },
        {
            "id": 2,
            "name": "text"
        },
        {
            "id": 3,
            "name": "title"
        }
    ]
}