{
    "info": {
        "year": 2025,
        "version": "1.0",
        "description": "",
        "contributor": "Label Studio",
        "url": "",
        "date_created": "2025-11-30 15:34:28.593648"
    },
    "licenses": [],
    "images": [
        {
            "width": 1700,
            "height": 2200,
            "id": 9,
            "file_name": "101ba9c4-b2.png"
        }
    ],
    "annotations": [
        {
            "id": 54,
            "image_id": 9,
            "category_id": 3,
            "segmentation": [],
            "bbox": [
                135.44776119402985,
                160.07462686567166,
                1317.5373134328358,
                250.37313432835825
            ],
            "ignore": 0,
            "iscrowd": 0,
            "area": 329875.94675874367
        },
        {
            "id": 55,
            "image_id": 9,
            "category_id": 2,
            "segmentation": [],
            "bbox": [
                135.44776119402985,
                439.17910447761193,
                697.7611940298507,
                1613.0597014925377
            ],
            "ignore": 0,
            "iscrowd": 0,
            "area": 1125530.4633548677
        },
        {
            "id": 56,
            "image_id": 9,
            "category_id": 2,
            "segmentation": [],
            "bbox": [
                846.6411534649862,
                440.67482942873306,
                696.3030047188673,
                1611.6245332066587
            ],
            "ignore": 0,
            "iscrowd": 0,
            "area": 1122179.0049504384
        }
    ],
    "categories": [
        {
            "id": 0,
            "name": "Figure"
        },
        {
            "id": 1,
            "name": "Table"
        },
        {
            "id": 2,
            "name": "text"
        },
        {
            "id": 3,
            "name": "title"
        }
    ]
}