{
    "info": {
        "year": 2025,
        "version": "1.0",
        "description": "",
        "contributor": "Label Studio",
        "url": "",
        "date_created": "2025-11-30 15:34:28.593648"
    },
    "licenses": [],
    "images": [
        {
            "width": 1700,
            "height": 2200,
            "id": 47,
            "file_name": "120fcb4d-c36.png"
        }
    ],
    "annotations": [
        {
            "id": 175,
            "image_id": 47,
            "category_id": 0,
            "segmentation": [],
            "bbox": [
                139.55223880597015,
                340.67164179104475,
                1358.5820895522388,
                1124.6268656716418
            ],
            "ignore": 0,
            "iscrowd": 0,
            "area": 1527897.917130764
        },
        {
            "id": 176,
            "image_id": 47,
            "category_id": 2,
            "segmentation": [],
            "bbox": [
                143.65671641791042,
                1506.3432835820893,
                1317.5373134328358,
                98.50746268656734
            ],
            "ignore": 0,
            "iscrowd": 0,
            "area": 129787.25774114525
        }
    ],
    "categories": [
        {
            "id": 0,
            "name": "Figure"
        },
        {
            "id": 1,
            "name": "Table"
        },
        {
            "id": 2,
            "name": "text"
        },
        {
            "id": 3,
            "name": "title"
        }
    ]
}