{
    "info": {
        "year": 2025,
        "version": "1.0",
        "description": "",
        "contributor": "Label Studio",
        "url": "",
        "date_created": "2025-11-30 15:34:28.593648"
    },
    "licenses": [],
    "images": [
        {
            "width": 1700,
            "height": 2200,
            "id": 26,
            "file_name": "12c5df4d-c14.png"
        }
    ],
    "annotations": [
        {
            "id": 128,
            "image_id": 26,
            "category_id": 2,
            "segmentation": [],
            "bbox": [
                127.23880597014926,
                143.65671641791045,
                1403.731343283582,
                414.5522388059701
            ],
            "ignore": 0,
            "iscrowd": 0,
            "area": 581919.9710403207
        },
        {
            "id": 129,
            "image_id": 26,
            "category_id": 3,
            "segmentation": [],
            "bbox": [
                143.65671641791042,
                656.7164179104476,
                192.91044776119404,
                45.14925373134334
            ],
            "ignore": 0,
            "iscrowd": 0,
            "area": 8709.762753397205
        },
        {
            "id": 130,
            "image_id": 26,
            "category_id": 3,
            "segmentation": [],
            "bbox": [
                135.44776119402982,
                722.3880597014925,
                1436.5671641791043,
                644.4029850746266
            ],
            "ignore": 0,
            "iscrowd": 0,
            "area": 925728.168857206
        },
        {
            "id": 131,
            "image_id": 26,
            "category_id": 3,
            "segmentation": [],
            "bbox": [
                139.55223880597015,
                1411.9402985074628,
                316.04477611940297,
                65.67164179104469
            ],
            "ignore": 0,
            "iscrowd": 0,
            "area": 20755.179327244346
        },
        {
            "id": 132,
            "image_id": 26,
            "category_id": 2,
            "segmentation": [],
            "bbox": [
                139.55223880597015,
                1494.0298507462683,
                1424.2537313432838,
                65.671641791045
            ],
            "ignore": 0,
            "iscrowd": 0,
            "area": 93533.08086433538
        },
        {
            "id": 133,
            "image_id": 26,
            "category_id": 3,
            "segmentation": [],
            "bbox": [
                135.44776119402985,
                1641.7910447761196,
                328.3582089552238,
                57.46268656716387
            ],
            "ignore": 0,
            "iscrowd": 0,
            "area": 18868.344842949326
        },
        {
            "id": 134,
            "image_id": 26,
            "category_id": 2,
            "segmentation": [],
            "bbox": [
                135.44776119402985,
                1723.8805970149253,
                262.6865671641791,
                49.25373134328336
            ],
            "ignore": 0,
            "iscrowd": 0,
            "area": 12938.29360659384
        }
    ],
    "categories": [
        {
            "id": 0,
            "name": "Figure"
        },
        {
            "id": 1,
            "name": "Table"
        },
        {
            "id": 2,
            "name": "text"
        },
        {
            "id": 3,
            "name": "title"
        }
    ]
}