{
    "info": {
        "year": 2025,
        "version": "1.0",
        "description": "",
        "contributor": "Label Studio",
        "url": "",
        "date_created": "2025-11-30 15:34:28.593648"
    },
    "licenses": [],
    "images": [
        {
            "width": 1654,
            "height": 2221,
            "id": 98,
            "file_name": "1574a647-n11.png"
        }
    ],
    "annotations": [
        {
            "id": 491,
            "image_id": 98,
            "category_id": 2,
            "segmentation": [],
            "bbox": [
                98.17026741548584,
                356.8327166210311,
                608.305289280391,
                802.335915239194
            ],
            "ignore": 0,
            "iscrowd": 0,
            "area": 488065.18101962516
        },
        {
            "id": 492,
            "image_id": 98,
            "category_id": 3,
            "segmentation": [],
            "bbox": [
                99.38402664512131,
                1172.8427452679553,
                132.45761896313107,
                23.22308903899057
            ],
            "ignore": 0,
            "iscrowd": 0,
            "area": 3076.0750790734783
        },
        {
            "id": 493,
            "image_id": 98,
            "category_id": 2,
            "segmentation": [],
            "bbox": [
                96.80368341856679,
                1198.6461775335003,
                608.9610014668625,
                172.0228817702999
            ],
            "ignore": 0,
            "iscrowd": 0,
            "area": 104755.22635805751
        },
        {
            "id": 494,
            "image_id": 98,
            "category_id": 3,
            "segmentation": [],
            "bbox": [
                95.08345460086379,
                1375.8297457569092,
                169.44253854374563,
                26.6635466743965
            ],
            "ignore": 0,
            "iscrowd": 0,
            "area": 4517.939035089389
        },
        {
            "id": 495,
            "image_id": 98,
            "category_id": 2,
            "segmentation": [],
            "bbox": [
                98.5239122362698,
                1405.0736356578602,
                600.7491021600003,
                481.157262953481
            ],
            "ignore": 0,
            "iscrowd": 0,
            "area": 289054.79371706693
        },
        {
            "id": 496,
            "image_id": 98,
            "category_id": 3,
            "segmentation": [],
            "bbox": [
                97.1929282002196,
                1901.7129579706682,
                92.03224174711059,
                19.78263140358448
            ],
            "ignore": 0,
            "iscrowd": 0,
            "area": 1820.6399157286687
        },
        {
            "id": 497,
            "image_id": 98,
            "category_id": 2,
            "segmentation": [],
            "bbox": [
                137.6183054162401,
                1924.0759326008076,
                573.6963107039509,
                163.42173768178492
            ],
            "ignore": 0,
            "iscrowd": 0,
            "area": 93754.44799686884
        },
        {
            "id": 498,
            "image_id": 98,
            "category_id": 2,
            "segmentation": [],
            "bbox": [
                762.4785398106444,
                352.0579924557787,
                577.9775598070813,
                1740.9209193784823
            ],
            "ignore": 0,
            "iscrowd": 0,
            "area": 1006213.2247994757
        }
    ],
    "categories": [
        {
            "id": 0,
            "name": "Figure"
        },
        {
            "id": 1,
            "name": "Table"
        },
        {
            "id": 2,
            "name": "text"
        },
        {
            "id": 3,
            "name": "title"
        }
    ]
}