{
    "info": {
        "year": 2025,
        "version": "1.0",
        "description": "",
        "contributor": "Label Studio",
        "url": "",
        "date_created": "2025-11-30 15:34:28.593648"
    },
    "licenses": [],
    "images": [
        {
            "width": 1700,
            "height": 2200,
            "id": 49,
            "file_name": "1686d7b1-c38.png"
        }
    ],
    "annotations": [
        {
            "id": 179,
            "image_id": 49,
            "category_id": 0,
            "segmentation": [],
            "bbox": [
                131.34328358208955,
                192.91044776119404,
                1424.2537313432833,
                1124.6268656716418
            ],
            "ignore": 0,
            "iscrowd": 0,
            "area": 1601754.0098017373
        },
        {
            "id": 180,
            "image_id": 49,
            "category_id": 2,
            "segmentation": [],
            "bbox": [
                135.44776119402985,
                1354.4776119402986,
                1420.1492537313432,
                94.40298507462711
            ],
            "ignore": 0,
            "iscrowd": 0,
            "area": 134066.32880374283
        }
    ],
    "categories": [
        {
            "id": 0,
            "name": "Figure"
        },
        {
            "id": 1,
            "name": "Table"
        },
        {
            "id": 2,
            "name": "text"
        },
        {
            "id": 3,
            "name": "title"
        }
    ]
}