{
    "info": {
        "year": 2025,
        "version": "1.0",
        "description": "",
        "contributor": "Label Studio",
        "url": "",
        "date_created": "2025-11-30 15:34:28.593648"
    },
    "licenses": [],
    "images": [
        {
            "width": 1700,
            "height": 2200,
            "id": 56,
            "file_name": "1ae5f3d3-e1.png"
        }
    ],
    "annotations": [
        {
            "id": 212,
            "image_id": 56,
            "category_id": 3,
            "segmentation": [],
            "bbox": [
                254.47761194029852,
                623.8805970149253,
                1202.6119402985073,
                65.67164179104485
            ],
            "ignore": 0,
            "iscrowd": 0,
            "area": 78977.50055691699
        },
        {
            "id": 213,
            "image_id": 56,
            "category_id": 2,
            "segmentation": [],
            "bbox": [
                685.4477611940299,
                804.4776119402985,
                336.56716417910445,
                381.7164179104477
            ],
            "ignore": 0,
            "iscrowd": 0,
            "area": 128473.21229672531
        },
        {
            "id": 214,
            "image_id": 56,
            "category_id": 2,
            "segmentation": [],
            "bbox": [
                291.4179104477612,
                1227.2388059701493,
                1116.4179104477612,
                233.95522388059715
            ],
            "ignore": 0,
            "iscrowd": 0,
            "area": 261191.80218311443
        },
        {
            "id": 215,
            "image_id": 56,
            "category_id": 2,
            "segmentation": [],
            "bbox": [
                180.5970149253731,
                1494.0298507462676,
                1346.2686567164174,
                75.9253783003992
            ],
            "ignore": 0,
            "iscrowd": 0,
            "area": 102215.95705516425
        }
    ],
    "categories": [
        {
            "id": 0,
            "name": "Figure"
        },
        {
            "id": 1,
            "name": "Table"
        },
        {
            "id": 2,
            "name": "text"
        },
        {
            "id": 3,
            "name": "title"
        }
    ]
}