{
    "info": {
        "year": 2025,
        "version": "1.0",
        "description": "",
        "contributor": "Label Studio",
        "url": "",
        "date_created": "2025-11-30 15:34:28.593648"
    },
    "licenses": [],
    "images": [
        {
            "width": 742,
            "height": 978,
            "id": 1,
            "file_name": "1cc302c0-a2.png"
        }
    ],
    "annotations": [
        {
            "id": 11,
            "image_id": 1,
            "category_id": 3,
            "segmentation": [],
            "bbox": [
                104.84150552801802,
                156.90883730556942,
                100.79036106763955,
                13.678691859179658
            ],
            "ignore": 0,
            "iscrowd": 0,
            "area": 1378.6802914196994
        },
        {
            "id": 12,
            "image_id": 1,
            "category_id": 3,
            "segmentation": [],
            "bbox": [
                104.39001682005522,
                375.0841294017157,
                75.59277080072964,
                15.838485310629062
            ],
            "ignore": 0,
            "iscrowd": 0,
            "area": 1197.2749899171058
        },
        {
            "id": 13,
            "image_id": 1,
            "category_id": 3,
            "segmentation": [],
            "bbox": [
                103.67008566957207,
                593.9431991485901,
                77.03263310169596,
                15.838485310629201
            ],
            "ignore": 0,
            "iscrowd": 0,
            "area": 1220.0802278203003
        },
        {
            "id": 14,
            "image_id": 1,
            "category_id": 3,
            "segmentation": [],
            "bbox": [
                388.0428901104122,
                483.79373312466976,
                115.18898407730235,
                17.27834761159524
            ],
            "ignore": 0,
            "iscrowd": 0,
            "area": 1990.2753079141391
        },
        {
            "id": 15,
            "image_id": 1,
            "category_id": 3,
            "segmentation": [],
            "bbox": [
                388.0428901104122,
                733.2234088357326,
                105.1099479705383,
                15.118554160145905
            ],
            "ignore": 0,
            "iscrowd": 0,
            "area": 1589.1104411627014
        },
        {
            "id": 16,
            "image_id": 1,
            "category_id": 2,
            "segmentation": [],
            "bbox": [
                102.2302233686058,
                79.91235770362849,
                275.01369948455937,
                65.5137346939657
            ],
            "ignore": 0,
            "iscrowd": 0,
            "area": 18017.174545237434
        },
        {
            "id": 17,
            "image_id": 1,
            "category_id": 2,
            "segmentation": [],
            "bbox": [
                104.39001682005524,
                189.3418925770657,
                272.1339748826268,
                169.18382036353773
            ],
            "ignore": 0,
            "iscrowd": 0,
            "area": 46040.66552135782
        },
        {
            "id": 18,
            "image_id": 1,
            "category_id": 2,
            "segmentation": [],
            "bbox": [
                103.67008566957207,
                405.3212377220076,
                271.41404373214357,
                172.06354496547036
            ],
            "ignore": 0,
            "iscrowd": 0,
            "area": 46700.462517965825
        },
        {
            "id": 19,
            "image_id": 1,
            "category_id": 2,
            "segmentation": [],
            "bbox": [
                104.39001682005524,
                624.900238619365,
                272.85390603310987,
                298.7714274505029
            ],
            "ignore": 0,
            "iscrowd": 0,
            "area": 81520.95099095763
        },
        {
            "id": 20,
            "image_id": 1,
            "category_id": 2,
            "segmentation": [],
            "bbox": [
                387.2976585928235,
                78.86151419310883,
                271.6341044429304,
                391.678853825774
            ],
            "ignore": 0,
            "iscrowd": 0,
            "area": 106393.33468819756
        },
        {
            "id": 21,
            "image_id": 1,
            "category_id": 2,
            "segmentation": [],
            "bbox": [
                386.4214195462334,
                514.3523203483878,
                270.75786539634026,
                205.91617594867313
            ],
            "ignore": 0,
            "iscrowd": 0,
            "area": 55753.42425043996
        },
        {
            "id": 22,
            "image_id": 1,
            "category_id": 2,
            "segmentation": [],
            "bbox": [
                388.17389763941355,
                764.1976726320157,
                271.6341044429304,
                158.59926743280784
            ],
            "ignore": 0,
            "iscrowd": 0,
            "area": 43080.96997441557
        },
        {
            "id": 23,
            "image_id": 1,
            "category_id": 2,
            "segmentation": [],
            "bbox": [
                104.61795346243709,
                935.2430972805691,
                554.0202926836886,
                15.465262685751691
            ],
            "ignore": 0,
            "iscrowd": 0,
            "area": 8568.06935959028
        }
    ],
    "categories": [
        {
            "id": 0,
            "name": "Figure"
        },
        {
            "id": 1,
            "name": "Table"
        },
        {
            "id": 2,
            "name": "text"
        },
        {
            "id": 3,
            "name": "title"
        }
    ]
}