{
    "info": {
        "year": 2025,
        "version": "1.0",
        "description": "",
        "contributor": "Label Studio",
        "url": "",
        "date_created": "2025-11-30 15:34:28.593648"
    },
    "licenses": [],
    "images": [
        {
            "width": 1700,
            "height": 2200,
            "id": 13,
            "file_name": "1fb10938-c1.png"
        }
    ],
    "annotations": [
        {
            "id": 69,
            "image_id": 13,
            "category_id": 3,
            "segmentation": [],
            "bbox": [
                296.51648948149113,
                310.92241771354634,
                1103.1418549353782,
                57.79558693283297
            ],
            "ignore": 0,
            "iscrowd": 0,
            "area": 63756.73097616427
        },
        {
            "id": 70,
            "image_id": 13,
            "category_id": 2,
            "segmentation": [],
            "bbox": [
                311.59359911614325,
                398.87222391568355,
                1075.5004872718494,
                82.92410299058649
            ],
            "ignore": 0,
            "iscrowd": 0,
            "area": 89184.91317295679
        },
        {
            "id": 71,
            "image_id": 13,
            "category_id": 2,
            "segmentation": [],
            "bbox": [
                140.71968992341954,
                524.5148042044509,
                1374.529828359116,
                572.9301661167797
            ],
            "ignore": 0,
            "iscrowd": 0,
            "area": 787509.6028942569
        },
        {
            "id": 72,
            "image_id": 13,
            "category_id": 2,
            "segmentation": [],
            "bbox": [
                138.20683831764418,
                1177.8562217060417,
                904.6265780791256,
                140.71968992341982
            ],
            "ignore": 0,
            "iscrowd": 0,
            "area": 127298.77156377888
        }
    ],
    "categories": [
        {
            "id": 0,
            "name": "Figure"
        },
        {
            "id": 1,
            "name": "Table"
        },
        {
            "id": 2,
            "name": "text"
        },
        {
            "id": 3,
            "name": "title"
        }
    ]
}