{
    "info": {
        "year": 2025,
        "version": "1.0",
        "description": "",
        "contributor": "Label Studio",
        "url": "",
        "date_created": "2025-11-30 15:34:28.593648"
    },
    "licenses": [],
    "images": [
        {
            "width": 1700,
            "height": 2200,
            "id": 46,
            "file_name": "2105d220-c35.png"
        }
    ],
    "annotations": [
        {
            "id": 173,
            "image_id": 46,
            "category_id": 0,
            "segmentation": [],
            "bbox": [
                143.65671641791042,
                303.7313432835821,
                1370.8955223880598,
                1120.5223880597014
            ],
            "ignore": 0,
            "iscrowd": 0,
            "area": 1536119.1245266206
        },
        {
            "id": 174,
            "image_id": 46,
            "category_id": 2,
            "segmentation": [],
            "bbox": [
                143.65671641791042,
                1465.2985074626863,
                1354.4776119402986,
                94.40298507462694
            ],
            "ignore": 0,
            "iscrowd": 0,
            "area": 127866.72978391635
        }
    ],
    "categories": [
        {
            "id": 0,
            "name": "Figure"
        },
        {
            "id": 1,
            "name": "Table"
        },
        {
            "id": 2,
            "name": "text"
        },
        {
            "id": 3,
            "name": "title"
        }
    ]
}