{
    "info": {
        "year": 2025,
        "version": "1.0",
        "description": "",
        "contributor": "Label Studio",
        "url": "",
        "date_created": "2025-11-30 15:34:28.593648"
    },
    "licenses": [],
    "images": [
        {
            "width": 1654,
            "height": 2339,
            "id": 76,
            "file_name": "2316b376-h2.png"
        }
    ],
    "annotations": [
        {
            "id": 343,
            "image_id": 76,
            "category_id": 2,
            "segmentation": [],
            "bbox": [
                147.77694649361058,
                234.82364100354565,
                668.0327718204315,
                726.7386820713181
            ],
            "ignore": 0,
            "iscrowd": 0,
            "area": 485485.25617322995
        },
        {
            "id": 344,
            "image_id": 76,
            "category_id": 2,
            "segmentation": [],
            "bbox": [
                151.825629959189,
                979.7813986699666,
                670.0571135532207,
                113.36313703619419
            ],
            "ignore": 0,
            "iscrowd": 0,
            "area": 75959.77638581049
        },
        {
            "id": 345,
            "image_id": 76,
            "category_id": 2,
            "segmentation": [],
            "bbox": [
                829.9801104435663,
                234.82364100354565,
                690.3005308811125,
                809.7366931156746
            ],
            "ignore": 0,
            "iscrowd": 0,
            "area": 558961.6691316667
        },
        {
            "id": 346,
            "image_id": 76,
            "category_id": 2,
            "segmentation": [],
            "bbox": [
                1560.767475980463,
                356.2841449708968,
                76.92498584598897,
                1632.5047352565737
            ],
            "ignore": 0,
            "iscrowd": 0,
            "area": 125580.4036531219
        }
    ],
    "categories": [
        {
            "id": 0,
            "name": "Figure"
        },
        {
            "id": 1,
            "name": "Table"
        },
        {
            "id": 2,
            "name": "text"
        },
        {
            "id": 3,
            "name": "title"
        }
    ]
}