{
    "info": {
        "year": 2025,
        "version": "1.0",
        "description": "",
        "contributor": "Label Studio",
        "url": "",
        "date_created": "2025-11-30 15:34:28.593648"
    },
    "licenses": [],
    "images": [
        {
            "width": 1700,
            "height": 2200,
            "id": 11,
            "file_name": "24e7be77-b4.png"
        }
    ],
    "annotations": [
        {
            "id": 63,
            "image_id": 11,
            "category_id": 2,
            "segmentation": [],
            "bbox": [
                135.65606392456232,
                172.18542224577794,
                702.0924940450403,
                738.1458923878938
            ],
            "ignore": 0,
            "iscrowd": 0,
            "area": 518246.6905557183
        },
        {
            "id": 64,
            "image_id": 11,
            "category_id": 3,
            "segmentation": [],
            "bbox": [
                135.65606392456232,
                944.4871656953223,
                607.2151299848998,
                70.209249404504
            ],
            "ignore": 0,
            "iscrowd": 0,
            "area": 42632.11850329815
        },
        {
            "id": 65,
            "image_id": 11,
            "category_id": 2,
            "segmentation": [],
            "bbox": [
                138.52095152780527,
                1032.2657209743295,
                692.6047576390262,
                1015.9304965294449
            ],
            "ignore": 0,
            "iscrowd": 0,
            "area": 703638.2953268717
        },
        {
            "id": 66,
            "image_id": 11,
            "category_id": 2,
            "segmentation": [],
            "bbox": [
                855.793823822468,
                170.77925530825306,
                688.8096630766206,
                1881.2120567579273
            ],
            "ignore": 0,
            "iscrowd": 0,
            "area": 1295797.0429911043
        }
    ],
    "categories": [
        {
            "id": 0,
            "name": "Figure"
        },
        {
            "id": 1,
            "name": "Table"
        },
        {
            "id": 2,
            "name": "text"
        },
        {
            "id": 3,
            "name": "title"
        }
    ]
}