{
    "info": {
        "year": 2025,
        "version": "1.0",
        "description": "",
        "contributor": "Label Studio",
        "url": "",
        "date_created": "2025-11-30 15:34:28.593648"
    },
    "licenses": [],
    "images": [
        {
            "width": 1700,
            "height": 2200,
            "id": 23,
            "file_name": "2611e96b-c11.png"
        }
    ],
    "annotations": [
        {
            "id": 116,
            "image_id": 23,
            "category_id": 3,
            "segmentation": [],
            "bbox": [
                139.55223880597015,
                180.59701492537314,
                681.3432835820895,
                57.46268656716415
            ],
            "ignore": 0,
            "iscrowd": 0,
            "area": 39151.815549120045
        },
        {
            "id": 117,
            "image_id": 23,
            "category_id": 2,
            "segmentation": [],
            "bbox": [
                134.6706819150789,
                256.21348912037695,
                1423.6614945308302,
                634.8760718853704
            ],
            "ignore": 0,
            "iscrowd": 0,
            "area": 903848.6173421892
        },
        {
            "id": 118,
            "image_id": 23,
            "category_id": 2,
            "segmentation": [],
            "bbox": [
                140.16744444222493,
                973.5409989129383,
                1440.1517821122686,
                653.5007091222961
            ],
            "ignore": 0,
            "iscrowd": 0,
            "area": 941140.2108541061
        }
    ],
    "categories": [
        {
            "id": 0,
            "name": "Figure"
        },
        {
            "id": 1,
            "name": "Table"
        },
        {
            "id": 2,
            "name": "text"
        },
        {
            "id": 3,
            "name": "title"
        }
    ]
}