{
    "info": {
        "year": 2025,
        "version": "1.0",
        "description": "",
        "contributor": "Label Studio",
        "url": "",
        "date_created": "2025-11-30 15:34:28.593648"
    },
    "licenses": [],
    "images": [
        {
            "width": 1700,
            "height": 2200,
            "id": 50,
            "file_name": "2ef3ba1b-d1.png"
        }
    ],
    "annotations": [
        {
            "id": 181,
            "image_id": 50,
            "category_id": 3,
            "segmentation": [],
            "bbox": [
                188.96738455483796,
                192.35977813557872,
                1269.2294720333105,
                127.10716047938858
            ],
            "ignore": 0,
            "iscrowd": 0,
            "area": 161328.15418690763
        },
        {
            "id": 182,
            "image_id": 50,
            "category_id": 3,
            "segmentation": [],
            "bbox": [
                192.6516500759799,
                402.3629128406552,
                143.68635532452578,
                44.211186253700255
            ],
            "ignore": 0,
            "iscrowd": 0,
            "area": 6352.544217367965
        },
        {
            "id": 183,
            "image_id": 50,
            "category_id": 2,
            "segmentation": [],
            "bbox": [
                192.6516500759799,
                470.5218249817764,
                471.58598670613566,
                272.6356485644845
            ],
            "ignore": 0,
            "iscrowd": 0,
            "area": 128571.15133954966
        },
        {
            "id": 184,
            "image_id": 50,
            "category_id": 3,
            "segmentation": [],
            "bbox": [
                192.6516500759799,
                826.0534477719489,
                186.05540881765518,
                47.89545177484199
            ],
            "ignore": 0,
            "iscrowd": 0,
            "area": 8911.207860474515
        },
        {
            "id": 185,
            "image_id": 50,
            "category_id": 2,
            "segmentation": [],
            "bbox": [
                191.5818070993676,
                895.2765216374296,
                1307.9142600052978,
                198.95033814165063
            ],
            "ignore": 0,
            "iscrowd": 0,
            "area": 260209.98428834075
        },
        {
            "id": 186,
            "image_id": 50,
            "category_id": 3,
            "segmentation": [],
            "bbox": [
                195.26607262050925,
                1178.964966765339,
                355.5316227901727,
                42.36905349312946
            ],
            "ignore": 0,
            "iscrowd": 0,
            "area": 15063.538344495952
        },
        {
            "id": 187,
            "image_id": 50,
            "category_id": 2,
            "segmentation": [],
            "bbox": [
                184.21327605708422,
                1245.2817461458894,
                482.6387832695608,
                407.1113400861561
            ],
            "ignore": 0,
            "iscrowd": 0,
            "area": 196487.72183442273
        }
    ],
    "categories": [
        {
            "id": 0,
            "name": "Figure"
        },
        {
            "id": 1,
            "name": "Table"
        },
        {
            "id": 2,
            "name": "text"
        },
        {
            "id": 3,
            "name": "title"
        }
    ]
}