{
    "info": {
        "year": 2025,
        "version": "1.0",
        "description": "",
        "contributor": "Label Studio",
        "url": "",
        "date_created": "2025-11-30 15:34:28.593648"
    },
    "licenses": [],
    "images": [
        {
            "width": 1700,
            "height": 2200,
            "id": 44,
            "file_name": "3083f419-c33.png"
        }
    ],
    "annotations": [
        {
            "id": 169,
            "image_id": 44,
            "category_id": 0,
            "segmentation": [],
            "bbox": [
                139.55223880597015,
                197.01492537313433,
                1387.313432835821,
                1124.6268656716418
            ],
            "ignore": 0,
            "iscrowd": 0,
            "area": 1560209.9576743152
        },
        {
            "id": 170,
            "image_id": 44,
            "category_id": 2,
            "segmentation": [],
            "bbox": [
                131.34328358208955,
                1350.3731343283582,
                1424.2537313432833,
                94.40298507462677
            ],
            "ignore": 0,
            "iscrowd": 0,
            "area": 134453.80374248145
        }
    ],
    "categories": [
        {
            "id": 0,
            "name": "Figure"
        },
        {
            "id": 1,
            "name": "Table"
        },
        {
            "id": 2,
            "name": "text"
        },
        {
            "id": 3,
            "name": "title"
        }
    ]
}