{
    "info": {
        "year": 2025,
        "version": "1.0",
        "description": "",
        "contributor": "Label Studio",
        "url": "",
        "date_created": "2025-11-30 15:34:28.593648"
    },
    "licenses": [],
    "images": [
        {
            "width": 1654,
            "height": 2221,
            "id": 5,
            "file_name": "309fe976-o2.png"
        }
    ],
    "annotations": [
        {
            "id": 37,
            "image_id": 5,
            "category_id": 2,
            "segmentation": [],
            "bbox": [
                321.6774244566655,
                363.8433938767611,
                615.4761387937525,
                1003.633564304796
            ],
            "ignore": 0,
            "iscrowd": 0,
            "area": 617712.5109221272
        },
        {
            "id": 38,
            "image_id": 5,
            "category_id": 2,
            "segmentation": [],
            "bbox": [
                950.020660228685,
                365.98791003980585,
                651.9329135655084,
                853.5174328916853
            ],
            "ignore": 0,
            "iscrowd": 0,
            "area": 556436.1068040298
        }
    ],
    "categories": [
        {
            "id": 0,
            "name": "Figure"
        },
        {
            "id": 1,
            "name": "Table"
        },
        {
            "id": 2,
            "name": "text"
        },
        {
            "id": 3,
            "name": "title"
        }
    ]
}