{
    "info": {
        "year": 2025,
        "version": "1.0",
        "description": "",
        "contributor": "Label Studio",
        "url": "",
        "date_created": "2025-11-30 15:34:28.593648"
    },
    "licenses": [],
    "images": [
        {
            "width": 1654,
            "height": 2221,
            "id": 101,
            "file_name": "3297af54-n14.png"
        }
    ],
    "annotations": [
        {
            "id": 503,
            "image_id": 101,
            "category_id": 2,
            "segmentation": [],
            "bbox": [
                364.82613338938654,
                356.4387979217106,
                553.8305622851253,
                565.3178345708316
            ],
            "ignore": 0,
            "iscrowd": 0,
            "area": 313090.2941901731
        },
        {
            "id": 504,
            "image_id": 101,
            "category_id": 2,
            "segmentation": [],
            "bbox": [
                990.3119179371236,
                360.1134247044086,
                569.5671513181974,
                420.74476661892646
            ],
            "ignore": 0,
            "iscrowd": 0,
            "area": 239642.39815518173
        },
        {
            "id": 505,
            "image_id": 101,
            "category_id": 2,
            "segmentation": [],
            "bbox": [
                957.2402768928414,
                793.719385062778,
                339.9029773995693,
                29.397014261584548
            ],
            "ignore": 0,
            "iscrowd": 0,
            "area": 9992.132674170189
        }
    ],
    "categories": [
        {
            "id": 0,
            "name": "Figure"
        },
        {
            "id": 1,
            "name": "Table"
        },
        {
            "id": 2,
            "name": "text"
        },
        {
            "id": 3,
            "name": "title"
        }
    ]
}