{
    "info": {
        "year": 2025,
        "version": "1.0",
        "description": "",
        "contributor": "Label Studio",
        "url": "",
        "date_created": "2025-11-30 15:34:28.593648"
    },
    "licenses": [],
    "images": [
        {
            "width": 1654,
            "height": 2221,
            "id": 91,
            "file_name": "32f6e3f9-n4.png"
        }
    ],
    "annotations": [
        {
            "id": 439,
            "image_id": 91,
            "category_id": 3,
            "segmentation": [],
            "bbox": [
                590.1494442573036,
                369.69901323438404,
                160.1427868899074,
                26.17718631854244
            ],
            "ignore": 0,
            "iscrowd": 0,
            "area": 4192.0875699877415
        },
        {
            "id": 440,
            "image_id": 91,
            "category_id": 3,
            "segmentation": [],
            "bbox": [
                1061.3387979910697,
                374.3185167023621,
                292.5685529719461,
                26.177186318542518
            ],
            "ignore": 0,
            "iscrowd": 0,
            "area": 7658.621522093009
        },
        {
            "id": 441,
            "image_id": 91,
            "category_id": 2,
            "segmentation": [],
            "bbox": [
                348.39542943311665,
                408.1948754675348,
                696.0051891753666,
                639.0313130703033
            ],
            "ignore": 0,
            "iscrowd": 0,
            "area": 444769.10994247935
        },
        {
            "id": 442,
            "image_id": 91,
            "category_id": 2,
            "segmentation": [],
            "bbox": [
                1058.2591290124174,
                409.7347099568608,
                472.3363533776586,
                655.8307566567534
            ],
            "ignore": 0,
            "iscrowd": 0,
            "area": 309772.70803216146
        },
        {
            "id": 443,
            "image_id": 91,
            "category_id": 2,
            "segmentation": [],
            "bbox": [
                321.8254082691407,
                1207.2302396316093,
                614.3939612410867,
                896.7423391796121
            ],
            "ignore": 0,
            "iscrowd": 0,
            "area": 550953.07798116
        },
        {
            "id": 444,
            "image_id": 91,
            "category_id": 2,
            "segmentation": [],
            "bbox": [
                950.0778799141616,
                1202.6107361636311,
                611.314292262435,
                560.4997541146759
            ],
            "ignore": 0,
            "iscrowd": 0,
            "area": 342641.5104998819
        },
        {
            "id": 445,
            "image_id": 91,
            "category_id": 3,
            "segmentation": [],
            "bbox": [
                950.0778799141616,
                1783.1283386395453,
                551.2607471787195,
                67.75271753034525
            ],
            "ignore": 0,
            "iscrowd": 0,
            "area": 37349.41368916685
        },
        {
            "id": 446,
            "image_id": 91,
            "category_id": 2,
            "segmentation": [],
            "bbox": [
                953.1575488928139,
                1851.4397225617524,
                615.9337957304126,
                255.6125252281214
            ],
            "ignore": 0,
            "iscrowd": 0,
            "area": 157440.39289999267
        }
    ],
    "categories": [
        {
            "id": 0,
            "name": "Figure"
        },
        {
            "id": 1,
            "name": "Table"
        },
        {
            "id": 2,
            "name": "text"
        },
        {
            "id": 3,
            "name": "title"
        }
    ]
}