{
    "info": {
        "year": 2025,
        "version": "1.0",
        "description": "",
        "contributor": "Label Studio",
        "url": "",
        "date_created": "2025-11-30 15:34:28.593648"
    },
    "licenses": [],
    "images": [
        {
            "width": 1700,
            "height": 2200,
            "id": 78,
            "file_name": "370a44a2-j1.png"
        }
    ],
    "annotations": [
        {
            "id": 352,
            "image_id": 78,
            "category_id": 3,
            "segmentation": [],
            "bbox": [
                421.22946394406426,
                153.87377678321985,
                921.3192384895287,
                103.86479932867336
            ],
            "ignore": 0,
            "iscrowd": 0,
            "area": 95692.63782336106
        },
        {
            "id": 353,
            "image_id": 78,
            "category_id": 2,
            "segmentation": [],
            "bbox": [
                419.30604173427406,
                328.90519787413245,
                548.1753297902208,
                1188.674925650373
            ],
            "ignore": 0,
            "iscrowd": 0,
            "area": 651602.2693817595
        },
        {
            "id": 354,
            "image_id": 78,
            "category_id": 3,
            "segmentation": [],
            "bbox": [
                413.5357751049034,
                1542.584612251779,
                523.1708410629474,
                32.69817756643454
            ],
            "ignore": 0,
            "iscrowd": 0,
            "area": 17106.733058657155
        },
        {
            "id": 355,
            "image_id": 78,
            "category_id": 2,
            "segmentation": [],
            "bbox": [
                413.5357751049034,
                1577.2062120280032,
                546.2519075804305,
                442.3871082517572
            ],
            "ignore": 0,
            "iscrowd": 0,
            "area": 241654.80177151278
        },
        {
            "id": 356,
            "image_id": 78,
            "category_id": 2,
            "segmentation": [],
            "bbox": [
                971.3282159440754,
                321.21150903497147,
                536.634796531479,
                388.53128637763
            ],
            "ignore": 0,
            "iscrowd": 0,
            "area": 208499.40781137327
        },
        {
            "id": 357,
            "image_id": 78,
            "category_id": 3,
            "segmentation": [],
            "bbox": [
                971.3282159440754,
                740.5175507692455,
                403.918664055952,
                32.698177566434225
            ],
            "ignore": 0,
            "iscrowd": 0,
            "area": 13207.40419969841
        },
        {
            "id": 358,
            "image_id": 78,
            "category_id": 2,
            "segmentation": [],
            "bbox": [
                973.2516381538655,
                778.9859949650504,
                540.4816409510597,
                640.4995958601525
            ],
            "ignore": 0,
            "iscrowd": 0,
            "area": 346178.27259898576
        },
        {
            "id": 359,
            "image_id": 78,
            "category_id": 3,
            "segmentation": [],
            "bbox": [
                974.5410525590408,
                1445.3228445770606,
                455.99878888701903,
                31.840314436001137
            ],
            "ignore": 0,
            "iscrowd": 0,
            "area": 14519.144820598387
        },
        {
            "id": 360,
            "image_id": 78,
            "category_id": 2,
            "segmentation": [],
            "bbox": [
                975.678206646041,
                1482.8489294480619,
                526.502342281022,
                540.1481913250224
            ],
            "ignore": 0,
            "iscrowd": 0,
            "area": 284389.2879114819
        },
        {
            "id": 361,
            "image_id": 78,
            "category_id": 2,
            "segmentation": [],
            "bbox": [
                186.6507250546469,
                1809.3804413804814,
                203.96883356487194,
                209.74153640161347
            ],
            "ignore": 0,
            "iscrowd": 0,
            "area": 42780.73652994123
        }
    ],
    "categories": [
        {
            "id": 0,
            "name": "Figure"
        },
        {
            "id": 1,
            "name": "Table"
        },
        {
            "id": 2,
            "name": "text"
        },
        {
            "id": 3,
            "name": "title"
        }
    ]
}