{
    "info": {
        "year": 2025,
        "version": "1.0",
        "description": "",
        "contributor": "Label Studio",
        "url": "",
        "date_created": "2025-11-30 15:34:28.593648"
    },
    "licenses": [],
    "images": [
        {
            "width": 1654,
            "height": 2221,
            "id": 4,
            "file_name": "39fc42d2-o1.png"
        }
    ],
    "annotations": [
        {
            "id": 34,
            "image_id": 4,
            "category_id": 3,
            "segmentation": [],
            "bbox": [
                86.77304257869574,
                331.2722104044527,
                1190.5261441797054,
                156.19147664165223
            ],
            "ignore": 0,
            "iscrowd": 0,
            "area": 185950.03643992075
        },
        {
            "id": 35,
            "image_id": 4,
            "category_id": 2,
            "segmentation": [],
            "bbox": [
                86.77304257869574,
                515.2310606712877,
                1253.002734836366,
                1438.3499590806664
            ],
            "ignore": 0,
            "iscrowd": 0,
            "area": 1802256.4323798502
        },
        {
            "id": 36,
            "image_id": 4,
            "category_id": 2,
            "segmentation": [],
            "bbox": [
                1343.2901298858594,
                513.7995617529922,
                192.67483565737183,
                109.35598780553546
            ],
            "ignore": 0,
            "iscrowd": 0,
            "area": 21070.146978581102
        }
    ],
    "categories": [
        {
            "id": 0,
            "name": "Figure"
        },
        {
            "id": 1,
            "name": "Table"
        },
        {
            "id": 2,
            "name": "text"
        },
        {
            "id": 3,
            "name": "title"
        }
    ]
}