{
    "info": {
        "year": 2025,
        "version": "1.0",
        "description": "",
        "contributor": "Label Studio",
        "url": "",
        "date_created": "2025-11-30 15:34:28.593648"
    },
    "licenses": [],
    "images": [
        {
            "width": 1700,
            "height": 2200,
            "id": 79,
            "file_name": "3a3d41ba-j2.png"
        }
    ],
    "annotations": [
        {
            "id": 362,
            "image_id": 79,
            "category_id": 2,
            "segmentation": [],
            "bbox": [
                198.25477610037592,
                177.82852644154934,
                636.8183717163593,
                55.27102848858967
            ],
            "ignore": 0,
            "iscrowd": 0,
            "area": 35197.60636519218
        },
        {
            "id": 363,
            "image_id": 79,
            "category_id": 3,
            "segmentation": [],
            "bbox": [
                195.85168790521988,
                266.742789662324,
                365.26940566372286,
                31.240146537028895
            ],
            "ignore": 0,
            "iscrowd": 0,
            "area": 11411.069758428155
        },
        {
            "id": 364,
            "image_id": 79,
            "category_id": 2,
            "segmentation": [],
            "bbox": [
                197.05323200279793,
                300.386024394509,
                645.2291803994054,
                224.68874624709275
            ],
            "ignore": 0,
            "iscrowd": 0,
            "area": 144975.73558598163
        },
        {
            "id": 365,
            "image_id": 79,
            "category_id": 2,
            "segmentation": [],
            "bbox": [
                860.3055738658738,
                175.42543824639333,
                648.8338126921392,
                348.4477882976304
            ],
            "ignore": 0,
            "iscrowd": 0,
            "area": 226084.70700529488
        },
        {
            "id": 366,
            "image_id": 79,
            "category_id": 2,
            "segmentation": [],
            "bbox": [
                193.86621591639636,
                563.5706793321744,
                1312.6162125804028,
                268.7841311170721
            ],
            "ignore": 0,
            "iscrowd": 0,
            "area": 352810.40818860556
        }
    ],
    "categories": [
        {
            "id": 0,
            "name": "Figure"
        },
        {
            "id": 1,
            "name": "Table"
        },
        {
            "id": 2,
            "name": "text"
        },
        {
            "id": 3,
            "name": "title"
        }
    ]
}