{
    "info": {
        "year": 2025,
        "version": "1.0",
        "description": "",
        "contributor": "Label Studio",
        "url": "",
        "date_created": "2025-11-30 15:34:28.593648"
    },
    "licenses": [],
    "images": [
        {
            "width": 1700,
            "height": 2200,
            "id": 53,
            "file_name": "43431f7a-d4.png"
        }
    ],
    "annotations": [
        {
            "id": 198,
            "image_id": 53,
            "category_id": 2,
            "segmentation": [],
            "bbox": [
                192.3022408887839,
                192.7382022279753,
                1239.2811079499404,
                121.79141922956313
            ],
            "ignore": 0,
            "iscrowd": 0,
            "area": 150933.80496160866
        },
        {
            "id": 199,
            "image_id": 53,
            "category_id": 3,
            "segmentation": [],
            "bbox": [
                190.16554932335293,
                406.40735877106846,
                134.61156862214875,
                42.73383130861864
            ],
            "ignore": 0,
            "iscrowd": 0,
            "area": 5752.468065687447
        },
        {
            "id": 200,
            "image_id": 53,
            "category_id": 2,
            "segmentation": [],
            "bbox": [
                192.3022408887839,
                474.78148886485826,
                1305.5185464782992,
                335.46057577265645
            ],
            "ignore": 0,
            "iscrowd": 0,
            "area": 437950.0032834918
        },
        {
            "id": 201,
            "image_id": 53,
            "category_id": 2,
            "segmentation": [],
            "bbox": [
                194.4389324542148,
                895.7097272547518,
                1324.7487705671776,
                322.64042638007083
            ],
            "ignore": 0,
            "iscrowd": 0,
            "area": 427417.5081822688
        },
        {
            "id": 202,
            "image_id": 53,
            "category_id": 3,
            "segmentation": [],
            "bbox": [
                192.3022408887839,
                1318.338695870885,
                183.7554746270601,
                40.597139743187384
            ],
            "ignore": 0,
            "iscrowd": 0,
            "area": 7459.946682010483
        },
        {
            "id": 203,
            "image_id": 53,
            "category_id": 2,
            "segmentation": [],
            "bbox": [
                185.8921661924911,
                1386.7128259646747,
                1339.7056115251942,
                549.1297323157494
            ],
            "ignore": 0,
            "iscrowd": 0,
            "area": 735672.1838387372
        }
    ],
    "categories": [
        {
            "id": 0,
            "name": "Figure"
        },
        {
            "id": 1,
            "name": "Table"
        },
        {
            "id": 2,
            "name": "text"
        },
        {
            "id": 3,
            "name": "title"
        }
    ]
}