{
    "info": {
        "year": 2025,
        "version": "1.0",
        "description": "",
        "contributor": "Label Studio",
        "url": "",
        "date_created": "2025-11-30 15:34:28.593648"
    },
    "licenses": [],
    "images": [
        {
            "width": 1700,
            "height": 2200,
            "id": 6,
            "file_name": "4a6ec9ba-p1.png"
        }
    ],
    "annotations": [
        {
            "id": 39,
            "image_id": 6,
            "category_id": 3,
            "segmentation": [],
            "bbox": [
                189.11658411149511,
                176.8362864419175,
                1296.7994339073948,
                105.61055995836738
            ],
            "ignore": 0,
            "iscrowd": 0,
            "area": 136955.7143686538
        },
        {
            "id": 40,
            "image_id": 6,
            "category_id": 2,
            "segmentation": [],
            "bbox": [
                184.2044650436641,
                319.28773940901766,
                189.11658411149514,
                31.92877394090185
            ],
            "ignore": 0,
            "iscrowd": 0,
            "area": 6038.260662571479
        },
        {
            "id": 41,
            "image_id": 6,
            "category_id": 2,
            "segmentation": [],
            "bbox": [
                186.66052457757954,
                380.6892277569057,
                439.63465657087835,
                1644.930545335092
            ],
            "ignore": 0,
            "iscrowd": 0,
            "area": 723168.4753813407
        },
        {
            "id": 42,
            "image_id": 6,
            "category_id": 2,
            "segmentation": [],
            "bbox": [
                641.031538351951,
                383.1452872908212,
                424.89829936738533,
                1009.4404684392789
            ],
            "ignore": 0,
            "iscrowd": 0,
            "area": 428909.5383524664
        },
        {
            "id": 43,
            "image_id": 6,
            "category_id": 2,
            "segmentation": [],
            "bbox": [
                1078.2101353889138,
                390.5134658925679,
                442.09071610479367,
                1002.0722898375325
            ],
            "ignore": 0,
            "iscrowd": 0,
            "area": 443006.8562030451
        },
        {
            "id": 44,
            "image_id": 6,
            "category_id": 0,
            "segmentation": [],
            "bbox": [
                636.1194192841199,
                1419.6024106031712,
                871.9011345400103,
                601.7345858093028
            ],
            "ignore": 0,
            "iscrowd": 0,
            "area": 524653.0680590943
        }
    ],
    "categories": [
        {
            "id": 0,
            "name": "Figure"
        },
        {
            "id": 1,
            "name": "Table"
        },
        {
            "id": 2,
            "name": "text"
        },
        {
            "id": 3,
            "name": "title"
        }
    ]
}