{
    "info": {
        "year": 2025,
        "version": "1.0",
        "description": "",
        "contributor": "Label Studio",
        "url": "",
        "date_created": "2025-11-30 15:34:28.593648"
    },
    "licenses": [],
    "images": [
        {
            "width": 1575,
            "height": 2100,
            "id": 81,
            "file_name": "4f31af6d-k2.png"
        }
    ],
    "annotations": [
        {
            "id": 376,
            "image_id": 81,
            "category_id": 2,
            "segmentation": [],
            "bbox": [
                196.17886813429743,
                144.7533395942389,
                386.6437886530328,
                1703.8329653210303
            ],
            "ignore": 0,
            "iscrowd": 0,
            "area": 658776.4329436546
        },
        {
            "id": 377,
            "image_id": 81,
            "category_id": 2,
            "segmentation": [],
            "bbox": [
                599.9644996340164,
                144.7533395942389,
                403.7856314997189,
                1696.2143685002814
            ],
            "ignore": 0,
            "iscrowd": 0,
            "area": 684906.9899437829
        },
        {
            "id": 378,
            "image_id": 81,
            "category_id": 2,
            "segmentation": [],
            "bbox": [
                1011.3687279544849,
                144.7533395942389,
                407.5949299100937,
                1702.7563894374948
            ],
            "ignore": 0,
            "iscrowd": 0,
            "area": 694034.8712067399
        }
    ],
    "categories": [
        {
            "id": 0,
            "name": "Figure"
        },
        {
            "id": 1,
            "name": "Table"
        },
        {
            "id": 2,
            "name": "text"
        },
        {
            "id": 3,
            "name": "title"
        }
    ]
}