{
    "info": {
        "year": 2025,
        "version": "1.0",
        "description": "",
        "contributor": "Label Studio",
        "url": "",
        "date_created": "2025-11-30 15:34:28.593648"
    },
    "licenses": [],
    "images": [
        {
            "width": 1700,
            "height": 2200,
            "id": 14,
            "file_name": "50715340-c2.png"
        }
    ],
    "annotations": [
        {
            "id": 73,
            "image_id": 14,
            "category_id": 3,
            "segmentation": [],
            "bbox": [
                131.34328358208955,
                123.13432835820895,
                172.38805970149252,
                73.88059701492536
            ],
            "ignore": 0,
            "iscrowd": 0,
            "area": 12736.132768990863
        },
        {
            "id": 74,
            "image_id": 14,
            "category_id": 3,
            "segmentation": [],
            "bbox": [
                135.44776119402985,
                238.05970149253727,
                188.80597014925374,
                32.835820895522424
            ],
            "ignore": 0,
            "iscrowd": 0,
            "area": 6199.599019826249
        },
        {
            "id": 75,
            "image_id": 14,
            "category_id": 2,
            "segmentation": [],
            "bbox": [
                143.3051124943092,
                279.536015330286,
                1414.6261819081076,
                251.8075548114287
            ],
            "ignore": 0,
            "iscrowd": 0,
            "area": 356213.5598385079
        },
        {
            "id": 76,
            "image_id": 14,
            "category_id": 3,
            "segmentation": [],
            "bbox": [
                143.3051124943092,
                562.0518085333524,
                327.55454284413497,
                42.991533748292674
            ],
            "ignore": 0,
            "iscrowd": 0,
            "area": 14082.072183090208
        },
        {
            "id": 77,
            "image_id": 14,
            "category_id": 2,
            "segmentation": [],
            "bbox": [
                137.16346481598168,
                611.1849899599725,
                1404.3901024442284,
                286.610224988618
            ],
            "ignore": 0,
            "iscrowd": 0,
            "area": 402512.5632333286
        },
        {
            "id": 78,
            "image_id": 14,
            "category_id": 2,
            "segmentation": [],
            "bbox": [
                139.21068070875754,
                936.6923169113315,
                1420.767829586435,
                262.0436342753079
            ],
            "ignore": 0,
            "iscrowd": 0,
            "area": 372303.16552627075
        },
        {
            "id": 79,
            "image_id": 14,
            "category_id": 2,
            "segmentation": [],
            "bbox": [
                139.2106807087573,
                1224.2351038799543,
                1396.201238873125,
                176.06056677872257
            ],
            "ignore": 0,
            "iscrowd": 0,
            "area": 245815.98145315703
        },
        {
            "id": 80,
            "image_id": 14,
            "category_id": 3,
            "segmentation": [],
            "bbox": [
                141.25789660153316,
                1443.2872044069693,
                174.0133508859466,
                38.89710196274115
            ],
            "ignore": 0,
            "iscrowd": 0,
            "area": 6768.6150522889175
        },
        {
            "id": 81,
            "image_id": 14,
            "category_id": 2,
            "segmentation": [],
            "bbox": [
                137.16346481598146,
                1488.3259540480378,
                1416.673397800883,
                290.7046567741699
            ],
            "ignore": 0,
            "iscrowd": 0,
            "area": 411833.5538688028
        }
    ],
    "categories": [
        {
            "id": 0,
            "name": "Figure"
        },
        {
            "id": 1,
            "name": "Table"
        },
        {
            "id": 2,
            "name": "text"
        },
        {
            "id": 3,
            "name": "title"
        }
    ]
}