{
    "info": {
        "year": 2025,
        "version": "1.0",
        "description": "",
        "contributor": "Label Studio",
        "url": "",
        "date_created": "2025-11-30 15:34:28.593648"
    },
    "licenses": [],
    "images": [
        {
            "width": 1700,
            "height": 2200,
            "id": 36,
            "file_name": "520261d0-c25.png"
        }
    ],
    "annotations": [
        {
            "id": 153,
            "image_id": 36,
            "category_id": 0,
            "segmentation": [],
            "bbox": [
                164.1791044776119,
                164.1791044776119,
                1424.2537313432838,
                1165.6716417910447
            ],
            "ignore": 0,
            "iscrowd": 0,
            "area": 1660212.1853419472
        },
        {
            "id": 154,
            "image_id": 36,
            "category_id": 2,
            "segmentation": [],
            "bbox": [
                139.55223880597015,
                1362.686567164179,
                1440.671641791045,
                114.92537313432837
            ],
            "ignore": 0,
            "iscrowd": 0,
            "area": 165569.72599688132
        }
    ],
    "categories": [
        {
            "id": 0,
            "name": "Figure"
        },
        {
            "id": 1,
            "name": "Table"
        },
        {
            "id": 2,
            "name": "text"
        },
        {
            "id": 3,
            "name": "title"
        }
    ]
}