{
    "info": {
        "year": 2025,
        "version": "1.0",
        "description": "",
        "contributor": "Label Studio",
        "url": "",
        "date_created": "2025-11-30 15:34:28.593648"
    },
    "licenses": [],
    "images": [
        {
            "width": 1700,
            "height": 2200,
            "id": 7,
            "file_name": "53302015-p2.png"
        }
    ],
    "annotations": [
        {
            "id": 45,
            "image_id": 7,
            "category_id": 2,
            "segmentation": [],
            "bbox": [
                191.3564159049413,
                172.6367665229361,
                430.5519357861178,
                1856.8064279965731
            ],
            "ignore": 0,
            "iscrowd": 0,
            "area": 799451.6019540313
        },
        {
            "id": 46,
            "image_id": 7,
            "category_id": 2,
            "segmentation": [],
            "bbox": [
                640.6280010730641,
                174.71672756538115,
                422.2320916163379,
                1374.25546614933
            ],
            "ignore": 0,
            "iscrowd": 0,
            "area": 580254.7598874171
        },
        {
            "id": 47,
            "image_id": 7,
            "category_id": 2,
            "segmentation": [],
            "bbox": [
                640.6280010730641,
                1573.9317262240509,
                426.3920137012278,
                453.4315072530129
            ],
            "ignore": 0,
            "iscrowd": 0,
            "area": 193339.57345319507
        },
        {
            "id": 48,
            "image_id": 7,
            "category_id": 2,
            "segmentation": [],
            "bbox": [
                1079.499781028962,
                174.71672756538115,
                443.03170204078816,
                1851.1653277760622
            ],
            "ignore": 0,
            "iscrowd": 0,
            "area": 820124.9259235223
        }
    ],
    "categories": [
        {
            "id": 0,
            "name": "Figure"
        },
        {
            "id": 1,
            "name": "Table"
        },
        {
            "id": 2,
            "name": "text"
        },
        {
            "id": 3,
            "name": "title"
        }
    ]
}