{
    "info": {
        "year": 2025,
        "version": "1.0",
        "description": "",
        "contributor": "Label Studio",
        "url": "",
        "date_created": "2025-11-30 15:34:28.593648"
    },
    "licenses": [],
    "images": [
        {
            "width": 1654,
            "height": 2221,
            "id": 100,
            "file_name": "54e3f68a-n13.png"
        }
    ],
    "annotations": [
        {
            "id": 501,
            "image_id": 100,
            "category_id": 2,
            "segmentation": [],
            "bbox": [
                135.9960500368018,
                351.0168318517451,
                569.7131825866019,
                1719.2848424317979
            ],
            "ignore": 0,
            "iscrowd": 0,
            "area": 979499.239354724
        },
        {
            "id": 502,
            "image_id": 100,
            "category_id": 2,
            "segmentation": [],
            "bbox": [
                760.842766422107,
                351.0168318517451,
                577.0643204264292,
                1710.9773322197625
            ],
            "ignore": 0,
            "iscrowd": 0,
            "area": 987343.971482422
        }
    ],
    "categories": [
        {
            "id": 0,
            "name": "Figure"
        },
        {
            "id": 1,
            "name": "Table"
        },
        {
            "id": 2,
            "name": "text"
        },
        {
            "id": 3,
            "name": "title"
        }
    ]
}