{
    "info": {
        "year": 2025,
        "version": "1.0",
        "description": "",
        "contributor": "Label Studio",
        "url": "",
        "date_created": "2025-11-30 15:34:28.593648"
    },
    "licenses": [],
    "images": [
        {
            "width": 1700,
            "height": 2200,
            "id": 48,
            "file_name": "597c3939-c37.png"
        }
    ],
    "annotations": [
        {
            "id": 177,
            "image_id": 48,
            "category_id": 0,
            "segmentation": [],
            "bbox": [
                151.86567164179104,
                201.11940298507463,
                1358.5820895522388,
                1099.9999999999998
            ],
            "ignore": 0,
            "iscrowd": 0,
            "area": 1494440.2985074625
        },
        {
            "id": 178,
            "image_id": 48,
            "category_id": 2,
            "segmentation": [],
            "bbox": [
                143.65671641791042,
                1338.0597014925372,
                1420.1492537313434,
                123.13432835820905
            ],
            "ignore": 0,
            "iscrowd": 0,
            "area": 174869.12452662076
        }
    ],
    "categories": [
        {
            "id": 0,
            "name": "Figure"
        },
        {
            "id": 1,
            "name": "Table"
        },
        {
            "id": 2,
            "name": "text"
        },
        {
            "id": 3,
            "name": "title"
        }
    ]
}