{
    "info": {
        "year": 2025,
        "version": "1.0",
        "description": "",
        "contributor": "Label Studio",
        "url": "",
        "date_created": "2025-11-30 15:34:28.593648"
    },
    "licenses": [],
    "images": [
        {
            "width": 1700,
            "height": 2200,
            "id": 40,
            "file_name": "5c2e7f30-c29.png"
        }
    ],
    "annotations": [
        {
            "id": 161,
            "image_id": 40,
            "category_id": 0,
            "segmentation": [],
            "bbox": [
                131.34328358208955,
                197.01492537313433,
                1399.6268656716418,
                1120.5223880597014
            ],
            "ignore": 0,
            "iscrowd": 0,
            "area": 1568313.2379149029
        },
        {
            "id": 162,
            "image_id": 40,
            "category_id": 2,
            "segmentation": [],
            "bbox": [
                131.34328358208955,
                1342.1641791044776,
                1428.358208955224,
                201.11940298507497
            ],
            "ignore": 0,
            "iscrowd": 0,
            "area": 287270.5502339056
        }
    ],
    "categories": [
        {
            "id": 0,
            "name": "Figure"
        },
        {
            "id": 1,
            "name": "Table"
        },
        {
            "id": 2,
            "name": "text"
        },
        {
            "id": 3,
            "name": "title"
        }
    ]
}