{
    "info": {
        "year": 2025,
        "version": "1.0",
        "description": "",
        "contributor": "Label Studio",
        "url": "",
        "date_created": "2025-11-30 15:34:28.593648"
    },
    "licenses": [],
    "images": [
        {
            "width": 1575,
            "height": 2100,
            "id": 80,
            "file_name": "5e3ca6ee-k1.png"
        }
    ],
    "annotations": [
        {
            "id": 367,
            "image_id": 80,
            "category_id": 2,
            "segmentation": [],
            "bbox": [
                276.23442442849694,
                146.12400712521946,
                1219.034525195324,
                286.24291806721067
            ],
            "ignore": 0,
            "iscrowd": 0,
            "area": 348939.9997165862
        },
        {
            "id": 368,
            "image_id": 80,
            "category_id": 2,
            "segmentation": [],
            "bbox": [
                270.2293282452688,
                478.40599593051303,
                408.3465404595174,
                436.3703226479156
            ],
            "ignore": 0,
            "iscrowd": 0,
            "area": 178190.31161247974
        },
        {
            "id": 369,
            "image_id": 80,
            "category_id": 2,
            "segmentation": [],
            "bbox": [
                688.5843623434997,
                472.40089974728477,
                400.33974554854655,
                434.3686239201729
            ],
            "ignore": 0,
            "iscrowd": 0,
            "area": 173895.02437447433
        },
        {
            "id": 370,
            "image_id": 80,
            "category_id": 2,
            "segmentation": [],
            "bbox": [
                1098.9326015307597,
                472.40089974728477,
                406.34484173177475,
                440.373720103401
            ],
            "ignore": 0,
            "iscrowd": 0,
            "area": 178943.58959824935
        },
        {
            "id": 371,
            "image_id": 80,
            "category_id": 3,
            "segmentation": [],
            "bbox": [
                166.14099440264675,
                990.8408702326525,
                1122.9529862636728,
                120.10192366456386
            ],
            "ignore": 0,
            "iscrowd": 0,
            "area": 134868.81383513365
        },
        {
            "id": 372,
            "image_id": 80,
            "category_id": 2,
            "segmentation": [],
            "bbox": [
                166.14099440264675,
                1120.9512875359299,
                916.7780173061713,
                34.028878371626675
            ],
            "ignore": 0,
            "iscrowd": 0,
            "area": 31196.927644692758
        },
        {
            "id": 373,
            "image_id": 80,
            "category_id": 2,
            "segmentation": [],
            "bbox": [
                270.2293282452688,
                1213.0294290120955,
                398.33804682080364,
                564.4790412234505
            ],
            "ignore": 0,
            "iscrowd": 0,
            "area": 224853.4787522292
        },
        {
            "id": 374,
            "image_id": 80,
            "category_id": 2,
            "segmentation": [],
            "bbox": [
                686.5826636157569,
                1209.0260315566102,
                406.3448417317745,
                578.4909323176494
            ],
            "ignore": 0,
            "iscrowd": 0,
            "area": 235066.8063358819
        },
        {
            "id": 375,
            "image_id": 80,
            "category_id": 2,
            "segmentation": [],
            "bbox": [
                1102.9359989862453,
                1217.0328264675811,
                400.3397455485462,
                570.4841374066785
            ],
            "ignore": 0,
            "iscrowd": 0,
            "area": 228387.47440887155
        }
    ],
    "categories": [
        {
            "id": 0,
            "name": "Figure"
        },
        {
            "id": 1,
            "name": "Table"
        },
        {
            "id": 2,
            "name": "text"
        },
        {
            "id": 3,
            "name": "title"
        }
    ]
}