{
    "info": {
        "year": 2025,
        "version": "1.0",
        "description": "",
        "contributor": "Label Studio",
        "url": "",
        "date_created": "2025-11-30 15:34:28.593648"
    },
    "licenses": [],
    "images": [
        {
            "width": 1700,
            "height": 2200,
            "id": 70,
            "file_name": "66d75591-g2.png"
        }
    ],
    "annotations": [
        {
            "id": 309,
            "image_id": 70,
            "category_id": 3,
            "segmentation": [],
            "bbox": [
                188.3527136912686,
                193.02730527131342,
                141.98415052621252,
                45.63776266913979
            ],
            "ignore": 0,
            "iscrowd": 0,
            "area": 6479.8389644947065
        },
        {
            "id": 310,
            "image_id": 70,
            "category_id": 2,
            "segmentation": [],
            "bbox": [
                188.3527136912686,
                264.01938053441967,
                1311.663104861202,
                540.8920020046194
            ],
            "ignore": 0,
            "iscrowd": 0,
            "area": 709468.0827439706
        },
        {
            "id": 311,
            "image_id": 70,
            "category_id": 3,
            "segmentation": [],
            "bbox": [
                187.62191319535236,
                895.8523783201509,
                201.14421324546782,
                45.637762669139626
            ],
            "ignore": 0,
            "iscrowd": 0,
            "area": 9179.771866367471
        },
        {
            "id": 312,
            "image_id": 70,
            "category_id": 2,
            "segmentation": [],
            "bbox": [
                187.62191319535236,
                966.8444535832573,
                1316.7339673799952,
                622.0258023053124
            ],
            "ignore": 0,
            "iscrowd": 0,
            "area": 819042.5024821985
        },
        {
            "id": 313,
            "image_id": 70,
            "category_id": 3,
            "segmentation": [],
            "bbox": [
                185.93162568908792,
                1663.2429061642042,
                155.50645057632804,
                52.398912694197605
            ],
            "ignore": 0,
            "iscrowd": 0,
            "area": 8148.368927133568
        },
        {
            "id": 314,
            "image_id": 70,
            "category_id": 2,
            "segmentation": [],
            "bbox": [
                189.31220070161677,
                1737.61555643984,
                1308.2825298486732,
                339.7477887591514
            ],
            "ignore": 0,
            "iscrowd": 0,
            "area": 444486.0965883152
        }
    ],
    "categories": [
        {
            "id": 0,
            "name": "Figure"
        },
        {
            "id": 1,
            "name": "Table"
        },
        {
            "id": 2,
            "name": "text"
        },
        {
            "id": 3,
            "name": "title"
        }
    ]
}