{
    "info": {
        "year": 2025,
        "version": "1.0",
        "description": "",
        "contributor": "Label Studio",
        "url": "",
        "date_created": "2025-11-30 15:34:28.593648"
    },
    "licenses": [],
    "images": [
        {
            "width": 1700,
            "height": 2200,
            "id": 20,
            "file_name": "66de55d2-c8.png"
        }
    ],
    "annotations": [
        {
            "id": 103,
            "image_id": 20,
            "category_id": 2,
            "segmentation": [],
            "bbox": [
                135.44776119402985,
                139.55223880597015,
                1444.7761194029852,
                197.01492537313433
            ],
            "ignore": 0,
            "iscrowd": 0,
            "area": 284642.45934506576
        },
        {
            "id": 104,
            "image_id": 20,
            "category_id": 0,
            "segmentation": [],
            "bbox": [
                114.92537313432835,
                414.5522388059701,
                1411.9402985074628,
                599.2537313432836
            ],
            "ignore": 0,
            "iscrowd": 0,
            "area": 846110.4923145467
        },
        {
            "id": 105,
            "image_id": 20,
            "category_id": 2,
            "segmentation": [],
            "bbox": [
                135.44776119402985,
                1214.9253731343283,
                1399.6268656716418,
                246.2686567164181
            ],
            "ignore": 0,
            "iscrowd": 0,
            "area": 344684.22811316577
        },
        {
            "id": 106,
            "image_id": 20,
            "category_id": 3,
            "segmentation": [],
            "bbox": [
                143.65671641791042,
                1494.0298507462683,
                508.955223880597,
                49.25373134328399
            ],
            "ignore": 0,
            "iscrowd": 0,
            "area": 25067.94386277588
        },
        {
            "id": 107,
            "image_id": 20,
            "category_id": 2,
            "segmentation": [],
            "bbox": [
                143.65671641791042,
                1567.910447761194,
                1416.0447761194032,
                336.5671641791043
            ],
            "ignore": 0,
            "iscrowd": 0,
            "area": 476594.17464914214
        }
    ],
    "categories": [
        {
            "id": 0,
            "name": "Figure"
        },
        {
            "id": 1,
            "name": "Table"
        },
        {
            "id": 2,
            "name": "text"
        },
        {
            "id": 3,
            "name": "title"
        }
    ]
}