{
    "info": {
        "year": 2025,
        "version": "1.0",
        "description": "",
        "contributor": "Label Studio",
        "url": "",
        "date_created": "2025-11-30 15:34:28.593648"
    },
    "licenses": [],
    "images": [
        {
            "width": 1700,
            "height": 2200,
            "id": 68,
            "file_name": "6736c322-f2.png"
        }
    ],
    "annotations": [
        {
            "id": 289,
            "image_id": 68,
            "category_id": 2,
            "segmentation": [],
            "bbox": [
                198.531318810998,
                175.81779552157525,
                645.7558694093768,
                538.862040686283
            ],
            "ignore": 0,
            "iscrowd": 0,
            "area": 347973.32557508163
        },
        {
            "id": 290,
            "image_id": 68,
            "category_id": 3,
            "segmentation": [],
            "bbox": [
                195.6027207637899,
                743.9658166799387,
                412.9323246563363,
                32.21457851928861
            ],
            "ignore": 0,
            "iscrowd": 0,
            "area": 13302.44079579392
        },
        {
            "id": 291,
            "image_id": 68,
            "category_id": 2,
            "segmentation": [],
            "bbox": [
                197.68036818654403,
                780.4713795809479,
                648.6844674565851,
                448.0755012228331
            ],
            "ignore": 0,
            "iscrowd": 0,
            "area": 290659.61789107596
        },
        {
            "id": 292,
            "image_id": 68,
            "category_id": 3,
            "segmentation": [],
            "bbox": [
                197.68036818654403,
                1256.3685622522573,
                604.7554967484643,
                61.50055899136949
            ],
            "ignore": 0,
            "iscrowd": 0,
            "area": 37192.80110313389
        },
        {
            "id": 293,
            "image_id": 68,
            "category_id": 2,
            "segmentation": [],
            "bbox": [
                194.75177013933597,
                1319.3334202672308,
                645.7558694093772,
                168.39438771446336
            ],
            "ignore": 0,
            "iscrowd": 0,
            "area": 108741.66424221302
        },
        {
            "id": 294,
            "image_id": 68,
            "category_id": 2,
            "segmentation": [],
            "bbox": [
                859.5435268555652,
                172.78728478527552,
                653.0773645273973,
                96.64373555786597
            ],
            "ignore": 0,
            "iscrowd": 0,
            "area": 63115.836116213824
        },
        {
            "id": 295,
            "image_id": 68,
            "category_id": 3,
            "segmentation": [],
            "bbox": [
                859.5435268555652,
                298.7170008152221,
                316.2885890984706,
                35.14317656649665
            ],
            "ignore": 0,
            "iscrowd": 0,
            "area": 11115.385732655659
        },
        {
            "id": 296,
            "image_id": 68,
            "category_id": 2,
            "segmentation": [],
            "bbox": [
                861.0078258791694,
                336.78877542892684,
                653.0773645273973,
                1150.9390325527675
            ],
            "ignore": 0,
            "iscrowd": 0,
            "area": 751652.2301112737
        },
        {
            "id": 297,
            "image_id": 68,
            "category_id": 3,
            "segmentation": [],
            "bbox": [
                196.21606916293996,
                1522.8709845481912,
                203.5375642809601,
                29.28598047208041
            ],
            "ignore": 0,
            "iscrowd": 0,
            "area": 5960.797132867009
        },
        {
            "id": 298,
            "image_id": 68,
            "category_id": 3,
            "segmentation": [],
            "bbox": [
                639.8986733149609,
                1522.8709845481912,
                121.5368189591344,
                27.821681448476312
            ],
            "ignore": 0,
            "iscrowd": 0,
            "area": 3381.3586613421735
        },
        {
            "id": 299,
            "image_id": 68,
            "category_id": 2,
            "segmentation": [],
            "bbox": [
                197.680368186544,
                1559.4784601382917,
                410.0037266091282,
                452.46839829364524
            ],
            "ignore": 0,
            "iscrowd": 0,
            "area": 185513.72947325784
        },
        {
            "id": 300,
            "image_id": 68,
            "category_id": 2,
            "segmentation": [],
            "bbox": [
                636.9700752677526,
                1562.4070581854999,
                426.1110158687721,
                445.1469031756232
            ],
            "ignore": 0,
            "iscrowd": 0,
            "area": 189681.99912300272
        },
        {
            "id": 301,
            "image_id": 68,
            "category_id": 2,
            "segmentation": [],
            "bbox": [
                1083.581277466982,
                1528.728180642607,
                421.71811879796047,
                336.7887754289267
            ],
            "ignore": 0,
            "iscrowd": 0,
            "area": 142029.92880615575
        }
    ],
    "categories": [
        {
            "id": 0,
            "name": "Figure"
        },
        {
            "id": 1,
            "name": "Table"
        },
        {
            "id": 2,
            "name": "text"
        },
        {
            "id": 3,
            "name": "title"
        }
    ]
}