{
    "info": {
        "year": 2025,
        "version": "1.0",
        "description": "",
        "contributor": "Label Studio",
        "url": "",
        "date_created": "2025-11-30 15:34:28.593648"
    },
    "licenses": [],
    "images": [
        {
            "width": 1654,
            "height": 2221,
            "id": 84,
            "file_name": "6943a0ed-l2.png"
        }
    ],
    "annotations": [
        {
            "id": 392,
            "image_id": 84,
            "category_id": 2,
            "segmentation": [],
            "bbox": [
                321.3321525514892,
                364.6605503443721,
                615.253850812329,
                215.6017767803888
            ],
            "ignore": 0,
            "iscrowd": 0,
            "area": 132649.8234061144
        },
        {
            "id": 393,
            "image_id": 84,
            "category_id": 2,
            "segmentation": [],
            "bbox": [
                323.08501252531346,
                587.2737670200581,
                599.4781110479103,
                148.99309777506528
            ],
            "ignore": 0,
            "iscrowd": 0,
            "area": 89318.10081337273
        },
        {
            "id": 394,
            "image_id": 84,
            "category_id": 2,
            "segmentation": [],
            "bbox": [
                316.07357263001626,
                741.5254447165962,
                489.0479326969794,
                124.45305814152525
            ],
            "ignore": 0,
            "iscrowd": 0,
            "area": 60863.5108019299
        },
        {
            "id": 395,
            "image_id": 84,
            "category_id": 2,
            "segmentation": [],
            "bbox": [
                323.08501252531346,
                874.7428027272431,
                618.2007934183351,
                389.06923840007653
            ],
            "ignore": 0,
            "iscrowd": 0,
            "area": 240522.91187359468
        },
        {
            "id": 396,
            "image_id": 84,
            "category_id": 2,
            "segmentation": [],
            "bbox": [
                992.1187451845533,
                366.34773452927845,
                571.4323514667215,
                843.1256474094879
            ],
            "ignore": 0,
            "iscrowd": 0,
            "area": 481789.2712811056
        }
    ],
    "categories": [
        {
            "id": 0,
            "name": "Figure"
        },
        {
            "id": 1,
            "name": "Table"
        },
        {
            "id": 2,
            "name": "text"
        },
        {
            "id": 3,
            "name": "title"
        }
    ]
}