{
    "info": {
        "year": 2025,
        "version": "1.0",
        "description": "",
        "contributor": "Label Studio",
        "url": "",
        "date_created": "2025-11-30 15:34:28.593648"
    },
    "licenses": [],
    "images": [
        {
            "width": 1700,
            "height": 2200,
            "id": 30,
            "file_name": "69d39f1a-c19.png"
        }
    ],
    "annotations": [
        {
            "id": 140,
            "image_id": 30,
            "category_id": 2,
            "segmentation": [],
            "bbox": [
                119.02985074626868,
                114.92537313432835,
                1440.671641791045,
                1063.0597014925372
            ],
            "ignore": 0,
            "iscrowd": 0,
            "area": 1531519.9654711518
        }
    ],
    "categories": [
        {
            "id": 0,
            "name": "Figure"
        },
        {
            "id": 1,
            "name": "Table"
        },
        {
            "id": 2,
            "name": "text"
        },
        {
            "id": 3,
            "name": "title"
        }
    ]
}