{
    "info": {
        "year": 2025,
        "version": "1.0",
        "description": "",
        "contributor": "Label Studio",
        "url": "",
        "date_created": "2025-11-30 15:34:28.593648"
    },
    "licenses": [],
    "images": [
        {
            "width": 1654,
            "height": 2221,
            "id": 99,
            "file_name": "6c7f2b30-n12.png"
        }
    ],
    "annotations": [
        {
            "id": 499,
            "image_id": 99,
            "category_id": 2,
            "segmentation": [],
            "bbox": [
                366.41843468426725,
                355.07095763239164,
                579.3991498444976,
                1742.262820661668
            ],
            "ignore": 0,
            "iscrowd": 0,
            "area": 1009465.5970970469
        },
        {
            "id": 500,
            "image_id": 99,
            "category_id": 2,
            "segmentation": [],
            "bbox": [
                989.3297736475216,
                352.6777433836072,
                574.8189194109445,
                1735.495574043346
            ],
            "ignore": 0,
            "iscrowd": 0,
            "area": 997595.6905140731
        }
    ],
    "categories": [
        {
            "id": 0,
            "name": "Figure"
        },
        {
            "id": 1,
            "name": "Table"
        },
        {
            "id": 2,
            "name": "text"
        },
        {
            "id": 3,
            "name": "title"
        }
    ]
}