{
    "info": {
        "year": 2025,
        "version": "1.0",
        "description": "",
        "contributor": "Label Studio",
        "url": "",
        "date_created": "2025-11-30 15:34:28.593648"
    },
    "licenses": [],
    "images": [
        {
            "width": 1654,
            "height": 2221,
            "id": 90,
            "file_name": "6e60f0ff-n3.png"
        }
    ],
    "annotations": [
        {
            "id": 432,
            "image_id": 90,
            "category_id": 2,
            "segmentation": [],
            "bbox": [
                99.00546691420212,
                352.97601247672065,
                604.7942652802345,
                1261.2435567765745
            ],
            "ignore": 0,
            "iscrowd": 0,
            "area": 762792.8702601182
        },
        {
            "id": 433,
            "image_id": 90,
            "category_id": 2,
            "segmentation": [],
            "bbox": [
                721.018074266472,
                352.9760124767206,
                609.0988507982433,
                1254.7866784995613
            ],
            "ignore": 0,
            "iscrowd": 0,
            "area": 764289.1238710276
        },
        {
            "id": 434,
            "image_id": 90,
            "category_id": 2,
            "segmentation": [],
            "bbox": [
                1338.7260961007328,
                352.9760124767205,
                243.20908176749654,
                617.708021834261
            ],
            "ignore": 0,
            "iscrowd": 0,
            "area": 150232.2007907273
        },
        {
            "id": 435,
            "image_id": 90,
            "category_id": 3,
            "segmentation": [],
            "bbox": [
                357.76475673850257,
                1665.9885734637262,
                158.01318056457495,
                25.623759010471762
            ],
            "ignore": 0,
            "iscrowd": 0,
            "area": 4048.891659264829
        },
        {
            "id": 436,
            "image_id": 90,
            "category_id": 3,
            "segmentation": [],
            "bbox": [
                757.7801057353093,
                1665.9885734637262,
                288.97905995142975,
                25.623759010471762
            ],
            "ignore": 0,
            "iscrowd": 0,
            "area": 7404.729791268108
        },
        {
            "id": 437,
            "image_id": 90,
            "category_id": 2,
            "segmentation": [],
            "bbox": [
                117.18613047351909,
                1704.4242119794335,
                639.1704330945419,
                330.2617828016341
            ],
            "ignore": 0,
            "iscrowd": 0,
            "area": 211093.566747896
        },
        {
            "id": 438,
            "image_id": 90,
            "category_id": 2,
            "segmentation": [],
            "bbox": [
                760.6271900698063,
                1701.5771276449368,
                545.2166500561461,
                293.2496864531751
            ],
            "ignore": 0,
            "iscrowd": 0,
            "area": 159884.61167801535
        }
    ],
    "categories": [
        {
            "id": 0,
            "name": "Figure"
        },
        {
            "id": 1,
            "name": "Table"
        },
        {
            "id": 2,
            "name": "text"
        },
        {
            "id": 3,
            "name": "title"
        }
    ]
}