{
    "info": {
        "year": 2025,
        "version": "1.0",
        "description": "",
        "contributor": "Label Studio",
        "url": "",
        "date_created": "2025-11-30 15:34:28.593648"
    },
    "licenses": [],
    "images": [
        {
            "width": 1700,
            "height": 2200,
            "id": 32,
            "file_name": "78a0815a-c21.png"
        }
    ],
    "annotations": [
        {
            "id": 145,
            "image_id": 32,
            "category_id": 0,
            "segmentation": [],
            "bbox": [
                90.29850746268656,
                119.02985074626864,
                1469.402985074627,
                1210.8208955223881
            ],
            "ignore": 0,
            "iscrowd": 0,
            "area": 1779183.83827133
        },
        {
            "id": 146,
            "image_id": 32,
            "category_id": 2,
            "segmentation": [],
            "bbox": [
                130.18403227146214,
                1352.6203637245865,
                1380.3640247196279,
                86.78935484764129
            ],
            "ignore": 0,
            "iscrowd": 0,
            "area": 119800.90316031007
        }
    ],
    "categories": [
        {
            "id": 0,
            "name": "Figure"
        },
        {
            "id": 1,
            "name": "Table"
        },
        {
            "id": 2,
            "name": "text"
        },
        {
            "id": 3,
            "name": "title"
        }
    ]
}