{
    "info": {
        "year": 2025,
        "version": "1.0",
        "description": "",
        "contributor": "Label Studio",
        "url": "",
        "date_created": "2025-11-30 15:34:28.593648"
    },
    "licenses": [],
    "images": [
        {
            "width": 1700,
            "height": 2200,
            "id": 60,
            "file_name": "7b1f105e-e5.png"
        }
    ],
    "annotations": [
        {
            "id": 231,
            "image_id": 60,
            "category_id": 2,
            "segmentation": [],
            "bbox": [
                196.24277233226496,
                232.2164095875986,
                1307.5965777507759,
                45.44569464536662
            ],
            "ignore": 0,
            "iscrowd": 0,
            "area": 59424.63479178815
        },
        {
            "id": 232,
            "image_id": 60,
            "category_id": 1,
            "segmentation": [],
            "bbox": [
                192.11134554632253,
                283.8592444118789,
                1336.5165652523729,
                566.0054696741116
            ],
            "ignore": 0,
            "iscrowd": 0,
            "area": 756475.6862428997
        },
        {
            "id": 233,
            "image_id": 60,
            "category_id": 2,
            "segmentation": [],
            "bbox": [
                194.17705893929377,
                930.4275364118677,
                1324.1222848945454,
                252.01703394248779
            ],
            "ignore": 0,
            "iscrowd": 0,
            "area": 333701.37081627315
        },
        {
            "id": 234,
            "image_id": 60,
            "category_id": 3,
            "segmentation": [],
            "bbox": [
                192.11134554632253,
                1198.1137679233016,
                667.2254259297009,
                33.05141428753947
            ],
            "ignore": 0,
            "iscrowd": 0,
            "area": 22052.743975582525
        },
        {
            "id": 235,
            "image_id": 60,
            "category_id": 2,
            "segmentation": [],
            "bbox": [
                194.17705893929377,
                1262.1508831054095,
                1303.4651509648334,
                320.1855759105374
            ],
            "ignore": 0,
            "iscrowd": 0,
            "area": 417350.74004099076
        },
        {
            "id": 236,
            "image_id": 60,
            "category_id": 2,
            "segmentation": [],
            "bbox": [
                190.04563215335136,
                1607.125019731601,
                1319.9908581086033,
                295.397015194883
            ],
            "ignore": 0,
            "iscrowd": 0,
            "area": 389921.35956981377
        },
        {
            "id": 237,
            "image_id": 60,
            "category_id": 2,
            "segmentation": [],
            "bbox": [
                194.17705893929377,
                1931.4572589137426,
                1295.2022973929484,
                78.49710893290629
            ],
            "ignore": 0,
            "iscrowd": 0,
            "area": 101669.63582860475
        }
    ],
    "categories": [
        {
            "id": 0,
            "name": "Figure"
        },
        {
            "id": 1,
            "name": "Table"
        },
        {
            "id": 2,
            "name": "text"
        },
        {
            "id": 3,
            "name": "title"
        }
    ]
}