{
    "info": {
        "year": 2025,
        "version": "1.0",
        "description": "",
        "contributor": "Label Studio",
        "url": "",
        "date_created": "2025-11-30 15:34:28.593648"
    },
    "licenses": [],
    "images": [
        {
            "width": 1700,
            "height": 2200,
            "id": 73,
            "file_name": "7b348ef7-g5.png"
        }
    ],
    "annotations": [
        {
            "id": 326,
            "image_id": 73,
            "category_id": 2,
            "segmentation": [],
            "bbox": [
                188.8059701492537,
                180.59701492537314,
                1255.9701492537313,
                143.65671641791047
            ],
            "ignore": 0,
            "iscrowd": 0,
            "area": 180428.54756070397
        },
        {
            "id": 327,
            "image_id": 73,
            "category_id": 3,
            "segmentation": [],
            "bbox": [
                188.8059701492537,
                410.4477611940299,
                184.70149253731347,
                49.25373134328352
            ],
            "ignore": 0,
            "iscrowd": 0,
            "area": 9097.237692136323
        },
        {
            "id": 328,
            "image_id": 73,
            "category_id": 2,
            "segmentation": [],
            "bbox": [
                279.1044776119403,
                480.22388059701484,
                1231.3432835820893,
                1046.6417910447763
            ],
            "ignore": 0,
            "iscrowd": 0,
            "area": 1288775.3397193137
        },
        {
            "id": 329,
            "image_id": 73,
            "category_id": 2,
            "segmentation": [],
            "bbox": [
                180.59701492537312,
                1859.3283582089553,
                1333.955223880597,
                250.37313432835816
            ],
            "ignore": 0,
            "iscrowd": 0,
            "area": 333986.5504566718
        }
    ],
    "categories": [
        {
            "id": 0,
            "name": "Figure"
        },
        {
            "id": 1,
            "name": "Table"
        },
        {
            "id": 2,
            "name": "text"
        },
        {
            "id": 3,
            "name": "title"
        }
    ]
}