{
    "info": {
        "year": 2025,
        "version": "1.0",
        "description": "",
        "contributor": "Label Studio",
        "url": "",
        "date_created": "2025-11-30 15:34:28.593648"
    },
    "licenses": [],
    "images": [
        {
            "width": 1700,
            "height": 2200,
            "id": 54,
            "file_name": "83adabfb-d5.png"
        }
    ],
    "annotations": [
        {
            "id": 204,
            "image_id": 54,
            "category_id": 2,
            "segmentation": [],
            "bbox": [
                190.56363575432985,
                192.83225046569092,
                1204.634411732728,
                124.77380912485881
            ],
            "ignore": 0,
            "iscrowd": 0,
            "area": 150306.824154776
        },
        {
            "id": 205,
            "image_id": 54,
            "category_id": 3,
            "segmentation": [],
            "bbox": [
                183.75779162024668,
                403.8134186222704,
                303.99437132238336,
                49.90952364994356
            ],
            "ignore": 0,
            "iscrowd": 0,
            "area": 15172.214264964216
        },
        {
            "id": 206,
            "image_id": 54,
            "category_id": 2,
            "segmentation": [],
            "bbox": [
                188.2950210429688,
                476.4090893858247,
                1327.139606146226,
                394.7389597768263
            ],
            "ignore": 0,
            "iscrowd": 0,
            "area": 523873.70760878816
        },
        {
            "id": 207,
            "image_id": 54,
            "category_id": 2,
            "segmentation": [],
            "bbox": [
                192.83225046569095,
                964.1612523284546,
                1247.7380912485883,
                124.77380912485901
            ],
            "ignore": 0,
            "iscrowd": 0,
            "area": 155685.03443526727
        },
        {
            "id": 208,
            "image_id": 54,
            "category_id": 3,
            "segmentation": [],
            "bbox": [
                197.36947988841308,
                1177.411035196395,
                181.4891769088856,
                47.640908938582626
            ],
            "ignore": 0,
            "iscrowd": 0,
            "area": 8646.309350454532
        },
        {
            "id": 209,
            "image_id": 54,
            "category_id": 2,
            "segmentation": [],
            "bbox": [
                288.1140683428559,
                1250.0067059599494,
                1238.663632403144,
                753.1800841718754
            ],
            "ignore": 0,
            "iscrowd": 0,
            "area": 932936.7789140409
        }
    ],
    "categories": [
        {
            "id": 0,
            "name": "Figure"
        },
        {
            "id": 1,
            "name": "Table"
        },
        {
            "id": 2,
            "name": "text"
        },
        {
            "id": 3,
            "name": "title"
        }
    ]
}