{
    "info": {
        "year": 2025,
        "version": "1.0",
        "description": "",
        "contributor": "Label Studio",
        "url": "",
        "date_created": "2025-11-30 15:34:28.593648"
    },
    "licenses": [],
    "images": [
        {
            "width": 1700,
            "height": 2200,
            "id": 62,
            "file_name": "880e3661-e7.png"
        }
    ],
    "annotations": [
        {
            "id": 243,
            "image_id": 62,
            "category_id": 2,
            "segmentation": [],
            "bbox": [
                224.29295176480807,
                189.45132818969225,
                1271.7192604917273,
                361.4818445918266
            ],
            "ignore": 0,
            "iscrowd": 0,
            "area": 459703.4240855032
        },
        {
            "id": 244,
            "image_id": 62,
            "category_id": 2,
            "segmentation": [],
            "bbox": [
                219.9377488179186,
                579.2419919363005,
                1284.7848693323958,
                370.1922504856056
            ],
            "ignore": 0,
            "iscrowd": 0,
            "area": 475617.4021680143
        },
        {
            "id": 245,
            "image_id": 62,
            "category_id": 2,
            "segmentation": [],
            "bbox": [
                195.98413261002645,
                971.2102571563535,
                1300.0280796465088,
                165.4977119818002
            ],
            "ignore": 0,
            "iscrowd": 0,
            "area": 215151.67269359072
        },
        {
            "id": 246,
            "image_id": 62,
            "category_id": 2,
            "segmentation": [],
            "bbox": [
                195.98413261002645,
                1154.1287809257112,
                1313.0936884871774,
                156.78730608802124
            ],
            "ignore": 0,
            "iscrowd": 0,
            "area": 205876.4220590879
        },
        {
            "id": 247,
            "image_id": 62,
            "category_id": 2,
            "segmentation": [],
            "bbox": [
                185.09612524280277,
                1330.5145002747354,
                1300.0280796465088,
                172.0305164021342
            ],
            "ignore": 0,
            "iscrowd": 0,
            "area": 223644.50187886375
        },
        {
            "id": 248,
            "image_id": 62,
            "category_id": 2,
            "segmentation": [],
            "bbox": [
                187.27372671624752,
                1522.143429937872,
                1326.1592973278457,
                241.71376355236592
            ],
            "ignore": 0,
            "iscrowd": 0,
            "area": 320550.9548270746
        },
        {
            "id": 249,
            "image_id": 62,
            "category_id": 2,
            "segmentation": [],
            "bbox": [
                193.80653113658175,
                1864.6493730895102,
                1291.31767375273,
                145.89929872079773
            ],
            "ignore": 0,
            "iscrowd": 0,
            "area": 188402.34302629516
        }
    ],
    "categories": [
        {
            "id": 0,
            "name": "Figure"
        },
        {
            "id": 1,
            "name": "Table"
        },
        {
            "id": 2,
            "name": "text"
        },
        {
            "id": 3,
            "name": "title"
        }
    ]
}