{
    "info": {
        "year": 2025,
        "version": "1.0",
        "description": "",
        "contributor": "Label Studio",
        "url": "",
        "date_created": "2025-11-30 15:34:28.593648"
    },
    "licenses": [],
    "images": [
        {
            "width": 1700,
            "height": 2200,
            "id": 17,
            "file_name": "8a1d0266-c5.png"
        }
    ],
    "annotations": [
        {
            "id": 91,
            "image_id": 17,
            "category_id": 2,
            "segmentation": [],
            "bbox": [
                140.64388190330695,
                146.2696371794392,
                1412.0645743092016,
                348.7968271202012
            ],
            "ignore": 0,
            "iscrowd": 0,
            "area": 492523.64320788713
        },
        {
            "id": 92,
            "image_id": 17,
            "category_id": 3,
            "segmentation": [],
            "bbox": [
                132.2052489891085,
                573.8270381654922,
                146.26963717943917,
                47.81891984712429
            ],
            "ignore": 0,
            "iscrowd": 0,
            "area": 6994.456056351553
        },
        {
            "id": 93,
            "image_id": 17,
            "category_id": 3,
            "segmentation": [],
            "bbox": [
                149.08251481750534,
                666.6520002216748,
                233.46884395948942,
                53.44467512325661
            ],
            "ignore": 0,
            "iscrowd": 0,
            "area": 12477.666516817204
        },
        {
            "id": 94,
            "image_id": 17,
            "category_id": 2,
            "segmentation": [],
            "bbox": [
                143.45675954137306,
                739.7868188113945,
                1434.567595413731,
                782.3096704146659
            ],
            "ignore": 0,
            "iscrowd": 0,
            "area": 1122276.1027556756
        },
        {
            "id": 95,
            "image_id": 17,
            "category_id": 2,
            "segmentation": [],
            "bbox": [
                143.45675954137306,
                1609.2956960061108,
                1423.3160848614664,
                348.796827120201
            ],
            "ignore": 0,
            "iscrowd": 0,
            "area": 496448.1343888262
        }
    ],
    "categories": [
        {
            "id": 0,
            "name": "Figure"
        },
        {
            "id": 1,
            "name": "Table"
        },
        {
            "id": 2,
            "name": "text"
        },
        {
            "id": 3,
            "name": "title"
        }
    ]
}