{
    "info": {
        "year": 2025,
        "version": "1.0",
        "description": "",
        "contributor": "Label Studio",
        "url": "",
        "date_created": "2025-11-30 15:34:28.593648"
    },
    "licenses": [],
    "images": [
        {
            "width": 1700,
            "height": 2200,
            "id": 31,
            "file_name": "8ad314fa-c20.png"
        }
    ],
    "annotations": [
        {
            "id": 141,
            "image_id": 31,
            "category_id": 3,
            "segmentation": [],
            "bbox": [
                139.0604013658336,
                149.75735531705158,
                361.5570435511674,
                44.92720659511548
            ],
            "ignore": 0,
            "iscrowd": 0,
            "area": 16243.747991542463
        },
        {
            "id": 142,
            "image_id": 31,
            "category_id": 2,
            "segmentation": [],
            "bbox": [
                139.0604013658336,
                220.35725139509017,
                1369.2101057559003,
                246.02994087801326
            ],
            "ignore": 0,
            "iscrowd": 0,
            "area": 336866.68136870244
        },
        {
            "id": 143,
            "image_id": 31,
            "category_id": 3,
            "segmentation": [],
            "bbox": [
                134.7816197853464,
                519.8719620291934,
                239.6117685072825,
                47.066597385359024
            ],
            "ignore": 0,
            "iscrowd": 0,
            "area": 11277.710637126114
        },
        {
            "id": 144,
            "image_id": 31,
            "category_id": 2,
            "segmentation": [],
            "bbox": [
                171.15126321948753,
                588.3324673169883,
                1392.7434044485792,
                866.4532700486552
            ],
            "ignore": 0,
            "iscrowd": 0,
            "area": 1206747.0771231682
        }
    ],
    "categories": [
        {
            "id": 0,
            "name": "Figure"
        },
        {
            "id": 1,
            "name": "Table"
        },
        {
            "id": 2,
            "name": "text"
        },
        {
            "id": 3,
            "name": "title"
        }
    ]
}