{
    "info": {
        "year": 2025,
        "version": "1.0",
        "description": "",
        "contributor": "Label Studio",
        "url": "",
        "date_created": "2025-11-30 15:34:28.593648"
    },
    "licenses": [],
    "images": [
        {
            "width": 742,
            "height": 978,
            "id": 0,
            "file_name": "8c4814ee-a1.png"
        }
    ],
    "annotations": [
        {
            "id": 0,
            "image_id": 0,
            "category_id": 3,
            "segmentation": [],
            "bbox": [
                83.42799194456472,
                73.54592098752546,
                526.465754000346,
                48.717726489584244
            ],
            "ignore": 0,
            "iscrowd": 0,
            "area": 25648.214609521598
        },
        {
            "id": 1,
            "image_id": 0,
            "category_id": 3,
            "segmentation": [],
            "bbox": [
                369.31179758233225,
                307.2359847972168,
                88.79198537617782,
                16.501165423891443
            ],
            "ignore": 0,
            "iscrowd": 0,
            "area": 1465.1712390080602
        },
        {
            "id": 2,
            "image_id": 0,
            "category_id": 3,
            "segmentation": [],
            "bbox": [
                370.0975673644223,
                453.3891642659695,
                69.14774082392604,
                14.929625859711388
            ],
            "ignore": 0,
            "iscrowd": 0,
            "area": 1032.349899545507
        },
        {
            "id": 3,
            "image_id": 0,
            "category_id": 3,
            "segmentation": [],
            "bbox": [
                84.07736668363734,
                514.679207268995,
                62.075812785115424,
                14.92962585971125
            ],
            "ignore": 0,
            "iscrowd": 0,
            "area": 926.7686598192535
        },
        {
            "id": 4,
            "image_id": 0,
            "category_id": 2,
            "segmentation": [],
            "bbox": [
                99.00699254334863,
                160.297035546374,
                258.51825830763255,
                204.30014334341783
            ],
            "ignore": 0,
            "iscrowd": 0,
            "area": 52815.31722914005
        },
        {
            "id": 5,
            "image_id": 0,
            "category_id": 2,
            "segmentation": [],
            "bbox": [
                86.43467602990754,
                382.6698838778634,
                270.3048050389836,
                106.07892058215916
            ],
            "ignore": 0,
            "iscrowd": 0,
            "area": 28673.641946706357
        },
        {
            "id": 6,
            "image_id": 0,
            "category_id": 2,
            "segmentation": [],
            "bbox": [
                86.09515636624582,
                547.8015341342502,
                270.94652150553827,
                381.51971252493246
            ],
            "ignore": 0,
            "iscrowd": 0,
            "area": 103371.43899442338
        },
        {
            "id": 7,
            "image_id": 0,
            "category_id": 2,
            "segmentation": [],
            "bbox": [
                367.17051979722476,
                162.06147080705094,
                273.4787319868985,
                128.2986643889153
            ],
            "ignore": 0,
            "iscrowd": 0,
            "area": 35086.956052693204
        },
        {
            "id": 8,
            "image_id": 0,
            "category_id": 2,
            "segmentation": [],
            "bbox": [
                368.8586601181315,
                339.3162045022629,
                273.47873198689837,
                96.22399829168643
            ],
            "ignore": 0,
            "iscrowd": 0,
            "area": 26315.217039519877
        },
        {
            "id": 9,
            "image_id": 0,
            "category_id": 2,
            "segmentation": [],
            "bbox": [
                368.8586601181315,
                484.4962721002459,
                272.63466182644504,
                441.44869391712325
            ],
            "ignore": 0,
            "iscrowd": 0,
            "area": 120354.21537982074
        },
        {
            "id": 10,
            "image_id": 0,
            "category_id": 2,
            "segmentation": [],
            "bbox": [
                83.56294588488564,
                936.9178781032633,
                556.2422357387842,
                32.91873625768217
            ],
            "ignore": 0,
            "iscrowd": 0,
            "area": 18310.79145366851
        }
    ],
    "categories": [
        {
            "id": 0,
            "name": "Figure"
        },
        {
            "id": 1,
            "name": "Table"
        },
        {
            "id": 2,
            "name": "text"
        },
        {
            "id": 3,
            "name": "title"
        }
    ]
}