{
    "info": {
        "year": 2025,
        "version": "1.0",
        "description": "",
        "contributor": "Label Studio",
        "url": "",
        "date_created": "2025-11-30 15:34:28.593648"
    },
    "licenses": [],
    "images": [
        {
            "width": 1654,
            "height": 2221,
            "id": 96,
            "file_name": "8efa0402-n9.png"
        }
    ],
    "annotations": [
        {
            "id": 466,
            "image_id": 96,
            "category_id": 2,
            "segmentation": [],
            "bbox": [
                93.5863389465976,
                349.16682577972324,
                609.2661657951953,
                1746.0212114532842
            ],
            "ignore": 0,
            "iscrowd": 0,
            "area": 1063791.6488992244
        },
        {
            "id": 467,
            "image_id": 96,
            "category_id": 3,
            "segmentation": [],
            "bbox": [
                740.1725083444794,
                375.0692644856434,
                622.5580141149343,
                32.17143990956369
            ],
            "ignore": 0,
            "iscrowd": 0,
            "area": 20028.58774131591
        },
        {
            "id": 468,
            "image_id": 96,
            "category_id": 3,
            "segmentation": [],
            "bbox": [
                740.8202994682837,
                423.0252278213778,
                136.79920302681387,
                27.359840605362855
            ],
            "ignore": 0,
            "iscrowd": 0,
            "area": 3742.8043897542993
        },
        {
            "id": 469,
            "image_id": 96,
            "category_id": 3,
            "segmentation": [],
            "bbox": [
                746.0818072770073,
                586.1319698918096,
                67.3472999516621,
                32.62134841408639
            ],
            "ignore": 0,
            "iscrowd": 0,
            "area": 2196.9597364711526
        },
        {
            "id": 470,
            "image_id": 96,
            "category_id": 3,
            "segmentation": [],
            "bbox": [
                743.9772041535178,
                756.6048228944543,
                189.4142811140497,
                32.62134841408647
            ],
            "ignore": 0,
            "iscrowd": 0,
            "area": 6178.949258825133
        },
        {
            "id": 471,
            "image_id": 96,
            "category_id": 3,
            "segmentation": [],
            "bbox": [
                739.7679979065388,
                957.5944211876962,
                673.4729995166215,
                28.412142167107547
            ],
            "ignore": 0,
            "iscrowd": 0,
            "area": 19134.810607974603
        },
        {
            "id": 472,
            "image_id": 96,
            "category_id": 3,
            "segmentation": [],
            "bbox": [
                739.7679979065388,
                1125.9626710668517,
                310.4289607146928,
                27.359840605362614
            ],
            "ignore": 0,
            "iscrowd": 0,
            "area": 8493.286884442366
        },
        {
            "id": 473,
            "image_id": 96,
            "category_id": 3,
            "segmentation": [],
            "bbox": [
                739.7679979065388,
                1386.9334583795426,
                257.81388262745685,
                30.516745290596926
            ],
            "ignore": 0,
            "iscrowd": 0,
            "area": 7867.640588521953
        },
        {
            "id": 474,
            "image_id": 96,
            "category_id": 3,
            "segmentation": [],
            "bbox": [
                736.6110932213047,
                1617.3875004016365,
                318.8473732086505,
                28.412142167107387
            ],
            "ignore": 0,
            "iscrowd": 0,
            "area": 9059.136897212924
        },
        {
            "id": 475,
            "image_id": 96,
            "category_id": 2,
            "segmentation": [],
            "bbox": [
                741.8726010300284,
                794.4876791172643,
                768.1801400736466,
                144.16531395902695
            ],
            "ignore": 0,
            "iscrowd": 0,
            "area": 110744.93107080656
        },
        {
            "id": 476,
            "image_id": 96,
            "category_id": 2,
            "segmentation": [],
            "bbox": [
                739.7679979065388,
                991.2680711635272,
                809.2199009816904,
                122.0669811623877
            ],
            "ignore": 0,
            "iscrowd": 0,
            "area": 98779.03040936125
        },
        {
            "id": 477,
            "image_id": 96,
            "category_id": 2,
            "segmentation": [],
            "bbox": [
                741.8726010300284,
                1158.584019480938,
                817.6383134756485,
                210.4603123489442
            ],
            "ignore": 0,
            "iscrowd": 0,
            "area": 172080.41484254893
        },
        {
            "id": 478,
            "image_id": 96,
            "category_id": 2,
            "segmentation": [],
            "bbox": [
                739.7679979065388,
                1420.6071083553732,
                813.4291072286694,
                176.78666237311344
            ],
            "ignore": 0,
            "iscrowd": 0,
            "area": 143803.41694409787
        },
        {
            "id": 479,
            "image_id": 96,
            "category_id": 2,
            "segmentation": [],
            "bbox": [
                739.7679979065388,
                1651.0611503774674,
                819.7429165991379,
                179.94356705834744
            ],
            "ignore": 0,
            "iscrowd": 0,
            "area": 147507.46448366228
        },
        {
            "id": 480,
            "image_id": 96,
            "category_id": 2,
            "segmentation": [],
            "bbox": [
                723.983474480368,
                1875.8450877477312,
                607.1780011267041,
                92.6025374335354
            ],
            "ignore": 0,
            "iscrowd": 0,
            "area": 56226.223578154815
        },
        {
            "id": 481,
            "image_id": 96,
            "category_id": 3,
            "segmentation": [],
            "bbox": [
                722.9311729186235,
                2002.121275157098,
                182.04817018183672,
                31.569046852341543
            ],
            "ignore": 0,
            "iscrowd": 0,
            "area": 5747.0872138534505
        },
        {
            "id": 482,
            "image_id": 96,
            "category_id": 2,
            "segmentation": [],
            "bbox": [
                721.8788713568787,
                2037.8995282564183,
                615.596413620662,
                55.77198277247017
            ],
            "ignore": 0,
            "iscrowd": 0,
            "area": 34333.03257524598
        }
    ],
    "categories": [
        {
            "id": 0,
            "name": "Figure"
        },
        {
            "id": 1,
            "name": "Table"
        },
        {
            "id": 2,
            "name": "text"
        },
        {
            "id": 3,
            "name": "title"
        }
    ]
}