{
    "info": {
        "year": 2025,
        "version": "1.0",
        "description": "",
        "contributor": "Label Studio",
        "url": "",
        "date_created": "2025-11-30 15:34:28.593648"
    },
    "licenses": [],
    "images": [
        {
            "width": 1700,
            "height": 2200,
            "id": 65,
            "file_name": "8f44baf1-e10.png"
        }
    ],
    "annotations": [
        {
            "id": 265,
            "image_id": 65,
            "category_id": 2,
            "segmentation": [],
            "bbox": [
                189.55221807707537,
                203.8782350749558,
                1330.8560995516766,
                235.44380771678829
            ],
            "ignore": 0,
            "iscrowd": 0,
            "area": 313341.8276015598
        },
        {
            "id": 266,
            "image_id": 65,
            "category_id": 2,
            "segmentation": [],
            "bbox": [
                185.5616450649264,
                461.2701943585634,
                1328.8608130456018,
                203.51922361959677
            ],
            "ignore": 0,
            "iscrowd": 0,
            "area": 270448.720969547
        },
        {
            "id": 267,
            "image_id": 65,
            "category_id": 2,
            "segmentation": [],
            "bbox": [
                193.5427910892243,
                686.7375695449794,
                1308.9079479848574,
                281.3353973565014
            ],
            "ignore": 0,
            "iscrowd": 0,
            "area": 368242.1376494027
        },
        {
            "id": 268,
            "image_id": 65,
            "category_id": 3,
            "segmentation": [],
            "bbox": [
                191.54750458314982,
                988.0258319622255,
                157.62763397988377,
                41.90101662756419
            ],
            "ignore": 0,
            "iscrowd": 0,
            "area": 6604.758112354712
        },
        {
            "id": 269,
            "image_id": 65,
            "category_id": 2,
            "segmentation": [],
            "bbox": [
                197.53336410137325,
                1051.5159887012496,
                1308.907947984857,
                127.69833638876644
            ],
            "ignore": 0,
            "iscrowd": 0,
            "area": 167145.36744370026
        },
        {
            "id": 270,
            "image_id": 65,
            "category_id": 2,
            "segmentation": [],
            "bbox": [
                189.55221807707537,
                1199.167190150761,
                1324.8702400334528,
                201.52393711352252
            ],
            "ignore": 0,
            "iscrowd": 0,
            "area": 266993.066936079
        },
        {
            "id": 271,
            "image_id": 65,
            "category_id": 2,
            "segmentation": [],
            "bbox": [
                189.55221807707537,
                1414.6581328068046,
                1322.8749535273785,
                247.4155267532352
            ],
            "ignore": 0,
            "iscrowd": 0,
            "area": 327299.8034556379
        },
        {
            "id": 272,
            "image_id": 65,
            "category_id": 2,
            "segmentation": [],
            "bbox": [
                193.5427910892243,
                1678.0359516086357,
                1320.879667021304,
                247.41552675323493
            ],
            "ignore": 0,
            "iscrowd": 0,
            "area": 326806.13859371346
        }
    ],
    "categories": [
        {
            "id": 0,
            "name": "Figure"
        },
        {
            "id": 1,
            "name": "Table"
        },
        {
            "id": 2,
            "name": "text"
        },
        {
            "id": 3,
            "name": "title"
        }
    ]
}