{
    "info": {
        "year": 2025,
        "version": "1.0",
        "description": "",
        "contributor": "Label Studio",
        "url": "",
        "date_created": "2025-11-30 15:34:28.593648"
    },
    "licenses": [],
    "images": [
        {
            "width": 1700,
            "height": 2200,
            "id": 12,
            "file_name": "95d11722-b5.png"
        }
    ],
    "annotations": [
        {
            "id": 67,
            "image_id": 12,
            "category_id": 2,
            "segmentation": [],
            "bbox": [
                168.78315614265384,
                168.78315614265387,
                691.2072108699156,
                1070.9693121908867
            ],
            "ignore": 0,
            "iscrowd": 0,
            "area": 740261.7112067346
        },
        {
            "id": 68,
            "image_id": 12,
            "category_id": 2,
            "segmentation": [],
            "bbox": [
                874.0556300244574,
                168.78315614265387,
                699.2445040195657,
                992.6057039817973
            ],
            "ignore": 0,
            "iscrowd": 0,
            "area": 694074.0831677438
        }
    ],
    "categories": [
        {
            "id": 0,
            "name": "Figure"
        },
        {
            "id": 1,
            "name": "Table"
        },
        {
            "id": 2,
            "name": "text"
        },
        {
            "id": 3,
            "name": "title"
        }
    ]
}