{
    "info": {
        "year": 2025,
        "version": "1.0",
        "description": "",
        "contributor": "Label Studio",
        "url": "",
        "date_created": "2025-11-30 15:34:28.593648"
    },
    "licenses": [],
    "images": [
        {
            "width": 1700,
            "height": 2200,
            "id": 57,
            "file_name": "97e972ec-e2.png"
        }
    ],
    "annotations": [
        {
            "id": 216,
            "image_id": 57,
            "category_id": 2,
            "segmentation": [],
            "bbox": [
                188.59258889008052,
                203.8655575118909,
                1300.2962707684499,
                154.84444140448713
            ],
            "ignore": 0,
            "iscrowd": 0,
            "area": 201343.64970747835
        },
        {
            "id": 217,
            "image_id": 57,
            "category_id": 2,
            "segmentation": [],
            "bbox": [
                190.57777403629188,
                382.5322206709145,
                1336.0296034002542,
                1523.6603776898028
            ],
            "ignore": 0,
            "iscrowd": 0,
            "area": 2035655.3701215887
        }
    ],
    "categories": [
        {
            "id": 0,
            "name": "Figure"
        },
        {
            "id": 1,
            "name": "Table"
        },
        {
            "id": 2,
            "name": "text"
        },
        {
            "id": 3,
            "name": "title"
        }
    ]
}