{
    "info": {
        "year": 2025,
        "version": "1.0",
        "description": "",
        "contributor": "Label Studio",
        "url": "",
        "date_created": "2025-11-30 15:34:28.593648"
    },
    "licenses": [],
    "images": [
        {
            "width": 1654,
            "height": 2221,
            "id": 92,
            "file_name": "9955281f-n5.png"
        }
    ],
    "annotations": [
        {
            "id": 447,
            "image_id": 92,
            "category_id": 2,
            "segmentation": [],
            "bbox": [
                93.49267953241042,
                349.84985243663436,
                616.328003395314,
                156.1682174947508
            ],
            "ignore": 0,
            "iscrowd": 0,
            "area": 96250.8456823449
        },
        {
            "id": 448,
            "image_id": 92,
            "category_id": 2,
            "segmentation": [],
            "bbox": [
                92.30055573474057,
                532.2447934801218,
                614.6288562834823,
                1567.1585791575533
            ],
            "ignore": 0,
            "iscrowd": 0,
            "area": 963220.885122454
        },
        {
            "id": 449,
            "image_id": 92,
            "category_id": 3,
            "segmentation": [],
            "bbox": [
                743.8852497459883,
                371.94262487299414,
                563.8745562978404,
                33.37946633475588
            ],
            "ignore": 0,
            "iscrowd": 0,
            "area": 18821.831768969176
        },
        {
            "id": 450,
            "image_id": 92,
            "category_id": 2,
            "segmentation": [],
            "bbox": [
                742.6931259483183,
                416.05120538677875,
                563.8745562978404,
                1157.5522075374274
            ],
            "ignore": 0,
            "iscrowd": 0,
            "area": 652714.2374167525
        },
        {
            "id": 451,
            "image_id": 92,
            "category_id": 2,
            "segmentation": [],
            "bbox": [
                721.234897590261,
                1635.593850403038,
                619.9043747883235,
                467.3125286865826
            ],
            "ignore": 0,
            "iscrowd": 0,
            "area": 289689.0809262065
        }
    ],
    "categories": [
        {
            "id": 0,
            "name": "Figure"
        },
        {
            "id": 1,
            "name": "Table"
        },
        {
            "id": 2,
            "name": "text"
        },
        {
            "id": 3,
            "name": "title"
        }
    ]
}