{
    "info": {
        "year": 2025,
        "version": "1.0",
        "description": "",
        "contributor": "Label Studio",
        "url": "",
        "date_created": "2025-11-30 15:34:28.593648"
    },
    "licenses": [],
    "images": [
        {
            "width": 1700,
            "height": 2200,
            "id": 37,
            "file_name": "9ad77fef-c26.png"
        }
    ],
    "annotations": [
        {
            "id": 155,
            "image_id": 37,
            "category_id": 0,
            "segmentation": [],
            "bbox": [
                143.65671641791042,
                192.9104477611941,
                1391.4179104477619,
                1120.5223880597011
            ],
            "ignore": 0,
            "iscrowd": 0,
            "area": 1559114.9198039656
        },
        {
            "id": 156,
            "image_id": 37,
            "category_id": 2,
            "segmentation": [],
            "bbox": [
                127.23880597014926,
                1358.5820895522388,
                1428.3582089552237,
                205.22388059701476
            ],
            "ignore": 0,
            "iscrowd": 0,
            "area": 293133.2145243927
        }
    ],
    "categories": [
        {
            "id": 0,
            "name": "Figure"
        },
        {
            "id": 1,
            "name": "Table"
        },
        {
            "id": 2,
            "name": "text"
        },
        {
            "id": 3,
            "name": "title"
        }
    ]
}