{
    "info": {
        "year": 2025,
        "version": "1.0",
        "description": "",
        "contributor": "Label Studio",
        "url": "",
        "date_created": "2025-11-30 15:34:28.593648"
    },
    "licenses": [],
    "images": [
        {
            "width": 1700,
            "height": 2200,
            "id": 52,
            "file_name": "9b14b687-d3.png"
        }
    ],
    "annotations": [
        {
            "id": 193,
            "image_id": 52,
            "category_id": 2,
            "segmentation": [],
            "bbox": [
                189.32101788768523,
                262.9810953404006,
                1322.5033423458567,
                406.0798644547444
            ],
            "ignore": 0,
            "iscrowd": 0,
            "area": 537041.9780007519
        },
        {
            "id": 194,
            "image_id": 52,
            "category_id": 3,
            "segmentation": [],
            "bbox": [
                194.80858362356014,
                754.1182287012064,
                131.7015776609981,
                46.64430875493677
            ],
            "ignore": 0,
            "iscrowd": 0,
            "area": 6143.12905193188
        },
        {
            "id": 195,
            "image_id": 52,
            "category_id": 2,
            "segmentation": [],
            "bbox": [
                192.06480075562268,
                825.4565832675804,
                1330.7346909496691,
                334.7415098883702
            ],
            "ignore": 0,
            "iscrowd": 0,
            "area": 445452.139709326
        },
        {
            "id": 196,
            "image_id": 52,
            "category_id": 2,
            "segmentation": [],
            "bbox": [
                192.06480075562268,
                1247.9991449299496,
                1267.6276849871072,
                400.5004986146199
            ],
            "ignore": 0,
            "iscrowd": 0,
            "area": 507685.51989503275
        },
        {
            "id": 197,
            "image_id": 52,
            "category_id": 2,
            "segmentation": [],
            "bbox": [
                192.06480075562234,
                1730.8131295826938,
                1286.8341650626696,
                197.55236649149694
            ],
            "ignore": 0,
            "iscrowd": 0,
            "area": 254217.13459024
        }
    ],
    "categories": [
        {
            "id": 0,
            "name": "Figure"
        },
        {
            "id": 1,
            "name": "Table"
        },
        {
            "id": 2,
            "name": "text"
        },
        {
            "id": 3,
            "name": "title"
        }
    ]
}