{
    "info": {
        "year": 2025,
        "version": "1.0",
        "description": "",
        "contributor": "Label Studio",
        "url": "",
        "date_created": "2025-11-30 15:34:28.593648"
    },
    "licenses": [],
    "images": [
        {
            "width": 1700,
            "height": 2200,
            "id": 24,
            "file_name": "9c9e01dd-c12.png"
        }
    ],
    "annotations": [
        {
            "id": 119,
            "image_id": 24,
            "category_id": 0,
            "segmentation": [],
            "bbox": [
                113.67418883106768,
                113.6741888310677,
                1417.7697440319273,
                707.3060638377543
            ],
            "ignore": 0,
            "iscrowd": 0,
            "area": 1002797.137079483
        },
        {
            "id": 120,
            "image_id": 24,
            "category_id": 2,
            "segmentation": [],
            "bbox": [
                123.14703790032333,
                991.4915359154236,
                1458.8187566653683,
                198.92983045436847
            ],
            "ignore": 0,
            "iscrowd": 0,
            "area": 290202.5679270943
        },
        {
            "id": 121,
            "image_id": 24,
            "category_id": 3,
            "segmentation": [],
            "bbox": [
                135.7775033259975,
                1218.8399135775592,
                189.4569813851128,
                47.36424534627802
            ],
            "ignore": 0,
            "iscrowd": 0,
            "area": 8973.486948889711
        },
        {
            "id": 122,
            "image_id": 24,
            "category_id": 2,
            "segmentation": [],
            "bbox": [
                135.7775033259975,
                1291.4650897751856,
                1420.9273603883457,
                501.20240024682164
            ],
            "ignore": 0,
            "iscrowd": 0,
            "area": 712172.2036030195
        },
        {
            "id": 123,
            "image_id": 24,
            "category_id": 2,
            "segmentation": [],
            "bbox": [
                148.4079687516717,
                1871.6078989324708,
                1395.6664295369978,
                126.30465425674203
            ],
            "ignore": 0,
            "iscrowd": 0,
            "area": 176279.1658404121
        }
    ],
    "categories": [
        {
            "id": 0,
            "name": "Figure"
        },
        {
            "id": 1,
            "name": "Table"
        },
        {
            "id": 2,
            "name": "text"
        },
        {
            "id": 3,
            "name": "title"
        }
    ]
}