{
    "info": {
        "year": 2025,
        "version": "1.0",
        "description": "",
        "contributor": "Label Studio",
        "url": "",
        "date_created": "2025-11-30 15:34:28.593648"
    },
    "licenses": [],
    "images": [
        {
            "width": 1654,
            "height": 2221,
            "id": 86,
            "file_name": "9ddae9fc-m2.png"
        }
    ],
    "annotations": [
        {
            "id": 406,
            "image_id": 86,
            "category_id": 0,
            "segmentation": [],
            "bbox": [
                48.83899602344205,
                357.72156678228254,
                883.3487976413868,
                566.9570407938708
            ],
            "ignore": 0,
            "iscrowd": 0,
            "area": 500820.8202995844
        },
        {
            "id": 407,
            "image_id": 86,
            "category_id": 2,
            "segmentation": [],
            "bbox": [
                949.1752705425387,
                361.9684360017172,
                609.4257329881617,
                1728.4757723079
            ],
            "ignore": 0,
            "iscrowd": 0,
            "area": 1053377.6144910208
        },
        {
            "id": 408,
            "image_id": 86,
            "category_id": 2,
            "segmentation": [],
            "bbox": [
                80.69051516916514,
                973.5176035995953,
                231.45437245892103,
                171.99820338690475
            ],
            "ignore": 0,
            "iscrowd": 0,
            "area": 39809.736228977905
        },
        {
            "id": 409,
            "image_id": 86,
            "category_id": 2,
            "segmentation": [],
            "bbox": [
                320.6386260669457,
                975.6410382093101,
                611.5491675978832,
                1113.7060159883679
            ],
            "ignore": 0,
            "iscrowd": 0,
            "area": 681085.9870264411
        }
    ],
    "categories": [
        {
            "id": 0,
            "name": "Figure"
        },
        {
            "id": 1,
            "name": "Table"
        },
        {
            "id": 2,
            "name": "text"
        },
        {
            "id": 3,
            "name": "title"
        }
    ]
}