{
    "info": {
        "year": 2025,
        "version": "1.0",
        "description": "",
        "contributor": "Label Studio",
        "url": "",
        "date_created": "2025-11-30 15:34:28.593648"
    },
    "licenses": [],
    "images": [
        {
            "width": 1700,
            "height": 2200,
            "id": 59,
            "file_name": "9e4d6c24-e4.png"
        }
    ],
    "annotations": [
        {
            "id": 224,
            "image_id": 59,
            "category_id": 2,
            "segmentation": [],
            "bbox": [
                184.7014925373134,
                197.01492537313433,
                1317.5373134328358,
                361.1940298507463
            ],
            "ignore": 0,
            "iscrowd": 0,
            "area": 475886.6117175318
        },
        {
            "id": 225,
            "image_id": 59,
            "category_id": 3,
            "segmentation": [],
            "bbox": [
                194.72909884316118,
                572.2925936611773,
                831.0595782765614,
                31.76023866025072
            ],
            "ignore": 0,
            "iscrowd": 0,
            "area": 26394.650546950907
        },
        {
            "id": 226,
            "image_id": 59,
            "category_id": 2,
            "segmentation": [],
            "bbox": [
                184.14235262307756,
                619.9329516515535,
                1321.5788198071004,
                407.589729473218
            ],
            "ignore": 0,
            "iscrowd": 0,
            "area": 538661.9536427107
        },
        {
            "id": 227,
            "image_id": 59,
            "category_id": 2,
            "segmentation": [],
            "bbox": [
                189.43572573311937,
                1064.5762928950637,
                1317.4111529254444,
                209.36216892166095
            ],
            "ignore": 0,
            "iscrowd": 0,
            "area": 275816.056338057
        },
        {
            "id": 228,
            "image_id": 59,
            "category_id": 2,
            "segmentation": [],
            "bbox": [
                190.56143196150452,
                1300.4053273669338,
                1319.8143621037536,
                199.38372047824072
            ],
            "ignore": 0,
            "iscrowd": 0,
            "area": 263149.4978568624
        },
        {
            "id": 229,
            "image_id": 59,
            "category_id": 2,
            "segmentation": [],
            "bbox": [
                190.56143196150452,
                1522.7269979886892,
                1328.63665062049,
                287.606605645604
            ],
            "ignore": 0,
            "iscrowd": 0,
            "area": 382124.6772213034
        },
        {
            "id": 230,
            "image_id": 59,
            "category_id": 2,
            "segmentation": [],
            "bbox": [
                189.8084898468273,
                1897.0733192343564,
                1320.9903990349903,
                118.869963338417
            ],
            "ignore": 0,
            "iscrowd": 0,
            "area": 157026.08030369013
        }
    ],
    "categories": [
        {
            "id": 0,
            "name": "Figure"
        },
        {
            "id": 1,
            "name": "Table"
        },
        {
            "id": 2,
            "name": "text"
        },
        {
            "id": 3,
            "name": "title"
        }
    ]
}