{
    "info": {
        "year": 2025,
        "version": "1.0",
        "description": "",
        "contributor": "Label Studio",
        "url": "",
        "date_created": "2025-11-30 15:34:28.593648"
    },
    "licenses": [],
    "images": [
        {
            "width": 1700,
            "height": 2200,
            "id": 8,
            "file_name": "a42bbeb4-b1.png"
        }
    ],
    "annotations": [
        {
            "id": 49,
            "image_id": 8,
            "category_id": 3,
            "segmentation": [],
            "bbox": [
                221.67356824525646,
                466.3509973461528,
                1227.5696656600524,
                365.9705136124516
            ],
            "ignore": 0,
            "iscrowd": 0,
            "area": 449254.3010366749
        },
        {
            "id": 50,
            "image_id": 8,
            "category_id": 2,
            "segmentation": [],
            "bbox": [
                215.3997880119001,
                867.8729322809569,
                669.2032248913405,
                1179.470683870987
            ],
            "ignore": 0,
            "iscrowd": 0,
            "area": 789305.5853112593
        },
        {
            "id": 51,
            "image_id": 8,
            "category_id": 2,
            "segmentation": [],
            "bbox": [
                913.8806539922366,
                874.1467125143132,
                646.1993640357005,
                336.6928725234554
            ],
            "ignore": 0,
            "iscrowd": 0,
            "area": 217570.72010001002
        },
        {
            "id": 52,
            "image_id": 8,
            "category_id": 3,
            "segmentation": [],
            "bbox": [
                913.8806539922366,
                1240.1172261267648,
                598.1003822466351,
                69.01158256691951
            ],
            "ignore": 0,
            "iscrowd": 0,
            "area": 41275.85391271979
        },
        {
            "id": 53,
            "image_id": 8,
            "category_id": 2,
            "segmentation": [],
            "bbox": [
                909.6981338366656,
                1332.1326695493242,
                660.8381845801986,
                719.38786492791
            ],
            "ignore": 0,
            "iscrowd": 0,
            "area": 475398.9706679851
        }
    ],
    "categories": [
        {
            "id": 0,
            "name": "Figure"
        },
        {
            "id": 1,
            "name": "Table"
        },
        {
            "id": 2,
            "name": "text"
        },
        {
            "id": 3,
            "name": "title"
        }
    ]
}