{
    "info": {
        "year": 2025,
        "version": "1.0",
        "description": "",
        "contributor": "Label Studio",
        "url": "",
        "date_created": "2025-11-30 15:34:28.593648"
    },
    "licenses": [],
    "images": [
        {
            "width": 1700,
            "height": 2200,
            "id": 22,
            "file_name": "a8c96cfc-c10.png"
        }
    ],
    "annotations": [
        {
            "id": 112,
            "image_id": 22,
            "category_id": 0,
            "segmentation": [],
            "bbox": [
                135.44776119402985,
                147.76119402985077,
                1379.1044776119402,
                644.4029850746269
            ],
            "ignore": 0,
            "iscrowd": 0,
            "area": 888699.0421029183
        },
        {
            "id": 113,
            "image_id": 22,
            "category_id": 2,
            "segmentation": [],
            "bbox": [
                135.44776119402985,
                948.1343283582089,
                1436.5671641791043,
                168.28358208955228
            ],
            "ignore": 0,
            "iscrowd": 0,
            "area": 241750.66830028963
        },
        {
            "id": 114,
            "image_id": 22,
            "category_id": 0,
            "segmentation": [],
            "bbox": [
                131.34328358208955,
                1132.8358208955224,
                1391.4179104477612,
                607.462686567164
            ],
            "ignore": 0,
            "iscrowd": 0,
            "area": 845234.4620182667
        },
        {
            "id": 115,
            "image_id": 22,
            "category_id": 2,
            "segmentation": [],
            "bbox": [
                139.55223880597015,
                1892.1641791044776,
                1432.4626865671642,
                160.07462686567163
            ],
            "ignore": 0,
            "iscrowd": 0,
            "area": 229300.93005123633
        }
    ],
    "categories": [
        {
            "id": 0,
            "name": "Figure"
        },
        {
            "id": 1,
            "name": "Table"
        },
        {
            "id": 2,
            "name": "text"
        },
        {
            "id": 3,
            "name": "title"
        }
    ]
}