{
    "info": {
        "year": 2025,
        "version": "1.0",
        "description": "",
        "contributor": "Label Studio",
        "url": "",
        "date_created": "2025-11-30 15:34:28.593648"
    },
    "licenses": [],
    "images": [
        {
            "width": 1575,
            "height": 2100,
            "id": 82,
            "file_name": "ab02c6e0-k3.png"
        }
    ],
    "annotations": [
        {
            "id": 379,
            "image_id": 82,
            "category_id": 2,
            "segmentation": [],
            "bbox": [
                275.45600494994073,
                143.32670176257068,
                394.14842984706905,
                1096.9970708415967
            ],
            "ignore": 0,
            "iscrowd": 0,
            "area": 432379.67301904934
        },
        {
            "id": 380,
            "image_id": 82,
            "category_id": 2,
            "segmentation": [],
            "bbox": [
                678.5623536571707,
                143.32670176257068,
                403.10634870722976,
                1001.0474326229545
            ],
            "ignore": 0,
            "iscrowd": 0,
            "area": 403528.5754473858
        },
        {
            "id": 381,
            "image_id": 82,
            "category_id": 2,
            "segmentation": [],
            "bbox": [
                689.7597522323713,
                1171.2478909660072,
                394.1484298470693,
                76.14231031136573
            ],
            "ignore": 0,
            "iscrowd": 0,
            "area": 30011.37205415312
        },
        {
            "id": 382,
            "image_id": 82,
            "category_id": 2,
            "segmentation": [],
            "bbox": [
                1097.3450603696815,
                141.08722204753053,
                405.34582842227036,
                1101.8240197997623
            ],
            "ignore": 0,
            "iscrowd": 0,
            "area": 446619.7700812906
        },
        {
            "id": 383,
            "image_id": 82,
            "category_id": 3,
            "segmentation": [],
            "bbox": [
                165.72149891297232,
                1334.0979374562626,
                253.06120779953886,
                58.22647259104468
            ],
            "ignore": 0,
            "iscrowd": 0,
            "area": 14734.861479796513
        },
        {
            "id": 384,
            "image_id": 82,
            "category_id": 2,
            "segmentation": [],
            "bbox": [
                165.72149891297232,
                1401.2823289074677,
                288.89288324018156,
                33.59219572560268
            ],
            "ignore": 0,
            "iscrowd": 0,
            "area": 9704.54627753786
        },
        {
            "id": 385,
            "image_id": 82,
            "category_id": 2,
            "segmentation": [],
            "bbox": [
                270.97704551986016,
                1477.4246392188338,
                398.62738927714963,
                376.23259212674776
            ],
            "ignore": 0,
            "iscrowd": 0,
            "area": 149976.61596046013
        },
        {
            "id": 386,
            "image_id": 82,
            "category_id": 2,
            "segmentation": [],
            "bbox": [
                689.7597522323713,
                1466.2272406436327,
                398.6273892771496,
                382.95103127186843
            ],
            "ignore": 0,
            "iscrowd": 0,
            "area": 152654.76981689697
        },
        {
            "id": 387,
            "image_id": 82,
            "category_id": 2,
            "segmentation": [],
            "bbox": [
                1097.3450603696815,
                1466.2272406436327,
                414.3037472824307,
                389.66947041698904
            ],
            "ignore": 0,
            "iscrowd": 0,
            "area": 161441.52179531884
        }
    ],
    "categories": [
        {
            "id": 0,
            "name": "Figure"
        },
        {
            "id": 1,
            "name": "Table"
        },
        {
            "id": 2,
            "name": "text"
        },
        {
            "id": 3,
            "name": "title"
        }
    ]
}