{
    "info": {
        "year": 2025,
        "version": "1.0",
        "description": "",
        "contributor": "Label Studio",
        "url": "",
        "date_created": "2025-11-30 15:34:28.593648"
    },
    "licenses": [],
    "images": [
        {
            "width": 1700,
            "height": 2200,
            "id": 10,
            "file_name": "b11ece92-b3.png"
        }
    ],
    "annotations": [
        {
            "id": 57,
            "image_id": 10,
            "category_id": 2,
            "segmentation": [],
            "bbox": [
                146.4978642516111,
                158.8779654559726,
                705.6657686486054,
                604.5616088129867
            ],
            "ignore": 0,
            "iscrowd": 0,
            "area": 426618.4323784538
        },
        {
            "id": 58,
            "image_id": 10,
            "category_id": 3,
            "segmentation": [],
            "bbox": [
                146.4978642516111,
                777.8830256740476,
                709.7924690500595,
                63.96385622253431
            ],
            "ignore": 0,
            "iscrowd": 0,
            "area": 45401.06343815564
        },
        {
            "id": 59,
            "image_id": 10,
            "category_id": 2,
            "segmentation": [],
            "bbox": [
                148.56121445233802,
                864.5437341045782,
                707.7291188493326,
                792.3264770791366
            ],
            "ignore": 0,
            "iscrowd": 0,
            "area": 560752.5194642133
        },
        {
            "id": 60,
            "image_id": 10,
            "category_id": 3,
            "segmentation": [],
            "bbox": [
                146.4978642516111,
                1669.2503123880763,
                695.349017644971,
                76.34395742689571
            ],
            "ignore": 0,
            "iscrowd": 0,
            "area": 53085.69579992142
        },
        {
            "id": 61,
            "image_id": 10,
            "category_id": 2,
            "segmentation": [],
            "bbox": [
                148.56121445233802,
                1770.3544722236945,
                701.5390682471517,
                280.615627298861
            ],
            "ignore": 0,
            "iscrowd": 0,
            "area": 196862.82571083293
        },
        {
            "id": 62,
            "image_id": 10,
            "category_id": 2,
            "segmentation": [],
            "bbox": [
                868.6704345060319,
                158.8779654559726,
                693.2856674442442,
                1892.5608200916893
            ],
            "ignore": 0,
            "iscrowd": 0,
            "area": 1312085.2913360929
        }
    ],
    "categories": [
        {
            "id": 0,
            "name": "Figure"
        },
        {
            "id": 1,
            "name": "Table"
        },
        {
            "id": 2,
            "name": "text"
        },
        {
            "id": 3,
            "name": "title"
        }
    ]
}