{
    "info": {
        "year": 2025,
        "version": "1.0",
        "description": "",
        "contributor": "Label Studio",
        "url": "",
        "date_created": "2025-11-30 15:34:28.593648"
    },
    "licenses": [],
    "images": [
        {
            "width": 1700,
            "height": 2200,
            "id": 21,
            "file_name": "b3a63fe7-c9.png"
        }
    ],
    "annotations": [
        {
            "id": 108,
            "image_id": 21,
            "category_id": 2,
            "segmentation": [],
            "bbox": [
                132.55545239383233,
                145.06068375174104,
                1338.059755296232,
                137.55754493699587
            ],
            "ignore": 0,
            "iscrowd": 0,
            "area": 184060.21491754713
        },
        {
            "id": 109,
            "image_id": 21,
            "category_id": 2,
            "segmentation": [],
            "bbox": [
                137.5575449369958,
                360.15066310777087,
                1423.0953285300116,
                347.64543174986215
            ],
            "ignore": 0,
            "iscrowd": 0,
            "area": 494732.5899080278
        },
        {
            "id": 110,
            "image_id": 21,
            "category_id": 2,
            "segmentation": [],
            "bbox": [
                137.5575449369958,
                790.3306218198305,
                1388.0806807278673,
                365.15275565093435
            ],
            "ignore": 0,
            "iscrowd": 0,
            "area": 506861.48563360557
        },
        {
            "id": 111,
            "image_id": 21,
            "category_id": 2,
            "segmentation": [],
            "bbox": [
                140.05859120857758,
                1240.5189507045443,
                1418.093235986848,
                562.735411105892
            ],
            "ignore": 0,
            "iscrowd": 0,
            "area": 798011.2801395436
        }
    ],
    "categories": [
        {
            "id": 0,
            "name": "Figure"
        },
        {
            "id": 1,
            "name": "Table"
        },
        {
            "id": 2,
            "name": "text"
        },
        {
            "id": 3,
            "name": "title"
        }
    ]
}