{
    "info": {
        "year": 2025,
        "version": "1.0",
        "description": "",
        "contributor": "Label Studio",
        "url": "",
        "date_created": "2025-11-30 15:34:28.593648"
    },
    "licenses": [],
    "images": [
        {
            "width": 1700,
            "height": 2200,
            "id": 19,
            "file_name": "b5fed006-c7.png"
        }
    ],
    "annotations": [
        {
            "id": 99,
            "image_id": 19,
            "category_id": 3,
            "segmentation": [],
            "bbox": [
                140.65128795051803,
                142.71968924390802,
                601.9047763764815,
                53.778433628139226
            ],
            "ignore": 0,
            "iscrowd": 0,
            "area": 32369.496066822598
        },
        {
            "id": 100,
            "image_id": 19,
            "category_id": 2,
            "segmentation": [],
            "bbox": [
                138.58288665712809,
                217.18213580594696,
                1431.33369502586,
                572.947158269022
            ],
            "ignore": 0,
            "iscrowd": 0,
            "area": 820078.5730997655
        },
        {
            "id": 101,
            "image_id": 19,
            "category_id": 2,
            "segmentation": [],
            "bbox": [
                144.788090537298,
                874.9337471039577,
                1416.85488597213,
                419.88546255816414
            ],
            "ignore": 0,
            "iscrowd": 0,
            "area": 594916.7691742027
        },
        {
            "id": 102,
            "image_id": 19,
            "category_id": 2,
            "segmentation": [],
            "bbox": [
                142.719689243908,
                1389.186692991131,
                1414.7864846787402,
                637.0675983641114
            ],
            "ignore": 0,
            "iscrowd": 0,
            "area": 901314.6279922887
        }
    ],
    "categories": [
        {
            "id": 0,
            "name": "Figure"
        },
        {
            "id": 1,
            "name": "Table"
        },
        {
            "id": 2,
            "name": "text"
        },
        {
            "id": 3,
            "name": "title"
        }
    ]
}