{
    "info": {
        "year": 2025,
        "version": "1.0",
        "description": "",
        "contributor": "Label Studio",
        "url": "",
        "date_created": "2025-11-30 15:34:28.593648"
    },
    "licenses": [],
    "images": [
        {
            "width": 1700,
            "height": 2200,
            "id": 18,
            "file_name": "ba93aee0-c6.png"
        }
    ],
    "annotations": [
        {
            "id": 96,
            "image_id": 18,
            "category_id": 2,
            "segmentation": [],
            "bbox": [
                139.91110740018522,
                149.08560624609902,
                1410.579197559244,
                192.6644757641895
            ],
            "ignore": 0,
            "iscrowd": 0,
            "area": 271768.5016216228
        },
        {
            "id": 97,
            "image_id": 18,
            "category_id": 0,
            "segmentation": [],
            "bbox": [
                144.4983568231421,
                412.85244806612036,
                1371.5875774641106,
                706.4364111353613
            ],
            "ignore": 0,
            "iscrowd": 0,
            "area": 968939.4057815906
        },
        {
            "id": 98,
            "image_id": 18,
            "category_id": 2,
            "segmentation": [],
            "bbox": [
                151.37923095757745,
                1330.3023326574987,
                1408.285572847766,
                160.5537298034912
            ],
            "ignore": 0,
            "iscrowd": 0,
            "area": 226105.50134915503
        }
    ],
    "categories": [
        {
            "id": 0,
            "name": "Figure"
        },
        {
            "id": 1,
            "name": "Table"
        },
        {
            "id": 2,
            "name": "text"
        },
        {
            "id": 3,
            "name": "title"
        }
    ]
}