{
    "info": {
        "year": 2025,
        "version": "1.0",
        "description": "",
        "contributor": "Label Studio",
        "url": "",
        "date_created": "2025-11-30 15:34:28.593648"
    },
    "licenses": [],
    "images": [
        {
            "width": 742,
            "height": 978,
            "id": 2,
            "file_name": "c0b7d065-a3.png"
        }
    ],
    "annotations": [
        {
            "id": 24,
            "image_id": 2,
            "category_id": 2,
            "segmentation": [],
            "bbox": [
                84.14913851515804,
                76.61549561560685,
                274.35205892262695,
                297.07944841917595
            ],
            "ignore": 0,
            "iscrowd": 0,
            "area": 81504.35833739927
        },
        {
            "id": 25,
            "image_id": 2,
            "category_id": 3,
            "segmentation": [],
            "bbox": [
                84.14913851515804,
                401.2924884234493,
                112.82525500072528,
                12.987079712313758
            ],
            "ignore": 0,
            "iscrowd": 0,
            "area": 1465.2705802565456
        },
        {
            "id": 26,
            "image_id": 2,
            "category_id": 2,
            "segmentation": [],
            "bbox": [
                84.55901061762225,
                422.7950530881112,
                274.5104112803969,
                502.4520920757264
            ],
            "ignore": 0,
            "iscrowd": 0,
            "area": 137928.33044440352
        },
        {
            "id": 27,
            "image_id": 2,
            "category_id": 2,
            "segmentation": [],
            "bbox": [
                368.8733651580333,
                77.20605317261163,
                276.9613970954004,
                518.3834998732495
            ],
            "ignore": 0,
            "iscrowd": 0,
            "area": 143572.2183560985
        },
        {
            "id": 28,
            "image_id": 2,
            "category_id": 2,
            "segmentation": [],
            "bbox": [
                368.8733651580333,
                609.0699750283806,
                270.83393255789156,
                30.637322687544366
            ],
            "ignore": 0,
            "iscrowd": 0,
            "area": 8297.626586512752
        },
        {
            "id": 29,
            "image_id": 2,
            "category_id": 2,
            "segmentation": [],
            "bbox": [
                370.09885806553507,
                650.7367338834409,
                275.7359041878986,
                181.3729503102622
            ],
            "ignore": 0,
            "iscrowd": 0,
            "area": 50011.034449026956
        },
        {
            "id": 30,
            "image_id": 2,
            "category_id": 2,
            "segmentation": [],
            "bbox": [
                368.32947761846384,
                868.161710882528,
                271.52883804600805,
                54.79281485233339
            ],
            "ignore": 0,
            "iscrowd": 0,
            "area": 14877.829350124139
        },
        {
            "id": 31,
            "image_id": 2,
            "category_id": 2,
            "segmentation": [],
            "bbox": [
                85.98442017106669,
                933.4538546101702,
                554.2369251990442,
                16.575309912494713
            ],
            "ignore": 0,
            "iscrowd": 0,
            "area": 9186.648800122308
        }
    ],
    "categories": [
        {
            "id": 0,
            "name": "Figure"
        },
        {
            "id": 1,
            "name": "Table"
        },
        {
            "id": 2,
            "name": "text"
        },
        {
            "id": 3,
            "name": "title"
        }
    ]
}