{
    "info": {
        "year": 2025,
        "version": "1.0",
        "description": "",
        "contributor": "Label Studio",
        "url": "",
        "date_created": "2025-11-30 15:34:28.593648"
    },
    "licenses": [],
    "images": [
        {
            "width": 1700,
            "height": 2200,
            "id": 25,
            "file_name": "c2b76449-c13.png"
        }
    ],
    "annotations": [
        {
            "id": 124,
            "image_id": 25,
            "category_id": 2,
            "segmentation": [],
            "bbox": [
                137.45186113926465,
                142.45011063523793,
                1429.499355848352,
                722.2470521681362
            ],
            "ignore": 0,
            "iscrowd": 0,
            "area": 1032451.6958377218
        },
        {
            "id": 125,
            "image_id": 25,
            "category_id": 2,
            "segmentation": [],
            "bbox": [
                137.45186113926465,
                949.6674042349193,
                1422.0019816043923,
                409.8564586698072
            ],
            "ignore": 0,
            "iscrowd": 0,
            "area": 582816.6964018245
        },
        {
            "id": 126,
            "image_id": 25,
            "category_id": 2,
            "segmentation": [],
            "bbox": [
                139.95098588725125,
                1451.9914785802318,
                1417.0037321084194,
                347.3783399701419
            ],
            "ignore": 0,
            "iscrowd": 0,
            "area": 492236.4041913184
        },
        {
            "id": 127,
            "image_id": 25,
            "category_id": 2,
            "segmentation": [],
            "bbox": [
                142.45011063523788,
                1890.1085312496582,
                1402.0089836204993,
                139.95098588725088
            ],
            "ignore": 0,
            "iscrowd": 0,
            "area": 196212.53948047146
        }
    ],
    "categories": [
        {
            "id": 0,
            "name": "Figure"
        },
        {
            "id": 1,
            "name": "Table"
        },
        {
            "id": 2,
            "name": "text"
        },
        {
            "id": 3,
            "name": "title"
        }
    ]
}