{
    "info": {
        "year": 2025,
        "version": "1.0",
        "description": "",
        "contributor": "Label Studio",
        "url": "",
        "date_created": "2025-11-30 15:34:28.593648"
    },
    "licenses": [],
    "images": [
        {
            "width": 1700,
            "height": 2200,
            "id": 74,
            "file_name": "c48d7f8f-g6.png"
        }
    ],
    "annotations": [
        {
            "id": 330,
            "image_id": 74,
            "category_id": 0,
            "segmentation": [],
            "bbox": [
                180.13842162655382,
                259.94658310667256,
                1340.7771128659954,
                934.8956059099628
            ],
            "ignore": 0,
            "iscrowd": 0,
            "area": 1253486.6313230654
        },
        {
            "id": 331,
            "image_id": 74,
            "category_id": 2,
            "segmentation": [],
            "bbox": [
                184.6988879968463,
                1217.644520868098,
                1197.1224222017815,
                134.53375792362888
            ],
            "ignore": 0,
            "iscrowd": 0,
            "area": 161053.37815344273
        },
        {
            "id": 332,
            "image_id": 74,
            "category_id": 2,
            "segmentation": [],
            "bbox": [
                189.2593543671388,
                1418.3050411609684,
                1304.2933819036555,
                405.8815069560321
            ],
            "ignore": 0,
            "iscrowd": 0,
            "area": 529388.5633598352
        },
        {
            "id": 333,
            "image_id": 74,
            "category_id": 2,
            "segmentation": [],
            "bbox": [
                186.97912118199255,
                1872.0714450050716,
                1324.8154805699714,
                211.63666255246986
            ],
            "ignore": 0,
            "iscrowd": 0,
            "area": 280379.52680567524
        }
    ],
    "categories": [
        {
            "id": 0,
            "name": "Figure"
        },
        {
            "id": 1,
            "name": "Table"
        },
        {
            "id": 2,
            "name": "text"
        },
        {
            "id": 3,
            "name": "title"
        }
    ]
}