{
    "info": {
        "year": 2025,
        "version": "1.0",
        "description": "",
        "contributor": "Label Studio",
        "url": "",
        "date_created": "2025-11-30 15:34:28.593648"
    },
    "licenses": [],
    "images": [
        {
            "width": 1700,
            "height": 2200,
            "id": 51,
            "file_name": "c4bf8d00-d2.png"
        }
    ],
    "annotations": [
        {
            "id": 188,
            "image_id": 51,
            "category_id": 3,
            "segmentation": [],
            "bbox": [
                180.59701492537312,
                184.7014925373134,
                176.49253731343288,
                61.56716417910447
            ],
            "ignore": 0,
            "iscrowd": 0,
            "area": 10866.145021162843
        },
        {
            "id": 189,
            "image_id": 51,
            "category_id": 2,
            "segmentation": [],
            "bbox": [
                176.49253731343285,
                262.68656716417905,
                1362.686567164179,
                857.8358208955225
            ],
            "ignore": 0,
            "iscrowd": 0,
            "area": 1168961.349966585
        },
        {
            "id": 190,
            "image_id": 51,
            "category_id": 3,
            "segmentation": [],
            "bbox": [
                189.37865666624265,
                1180.12804996227,
                207.31979256093925,
                45.84956950866916
            ],
            "ignore": 0,
            "iscrowd": 0,
            "area": 9505.523239545657
        },
        {
            "id": 191,
            "image_id": 51,
            "category_id": 2,
            "segmentation": [],
            "bbox": [
                195.35903529780816,
                1245.9122149094908,
                1317.6767584882775,
                265.1301193327395
            ],
            "ignore": 0,
            "iscrowd": 0,
            "area": 349355.7962199744
        },
        {
            "id": 192,
            "image_id": 51,
            "category_id": 2,
            "segmentation": [],
            "bbox": [
                197.35249484166332,
                1600.7480137157138,
                1283.7879462427395,
                402.67882785874747
            ],
            "ignore": 0,
            "iscrowd": 0,
            "area": 516954.22541221505
        }
    ],
    "categories": [
        {
            "id": 0,
            "name": "Figure"
        },
        {
            "id": 1,
            "name": "Table"
        },
        {
            "id": 2,
            "name": "text"
        },
        {
            "id": 3,
            "name": "title"
        }
    ]
}