{
    "info": {
        "year": 2025,
        "version": "1.0",
        "description": "",
        "contributor": "Label Studio",
        "url": "",
        "date_created": "2025-11-30 15:34:28.593648"
    },
    "licenses": [],
    "images": [
        {
            "width": 1654,
            "height": 2221,
            "id": 94,
            "file_name": "c5724e90-n7.png"
        }
    ],
    "annotations": [
        {
            "id": 456,
            "image_id": 94,
            "category_id": 2,
            "segmentation": [],
            "bbox": [
                91.37871479018166,
                360.3424790782635,
                618.961483201419,
                939.649048314132
            ],
            "ignore": 0,
            "iscrowd": 0,
            "area": 581606.5686333169
        },
        {
            "id": 457,
            "image_id": 94,
            "category_id": 3,
            "segmentation": [],
            "bbox": [
                91.37871479018166,
                1329.30168119302,
                532.7551484937005,
                58.620307601248406
            ],
            "ignore": 0,
            "iscrowd": 0,
            "area": 31230.270680849495
        },
        {
            "id": 458,
            "image_id": 94,
            "category_id": 2,
            "segmentation": [],
            "bbox": [
                96.55109487264475,
                1393.0943688767316,
                606.8925963423384,
                707.2167625324619
            ],
            "ignore": 0,
            "iscrowd": 0,
            "area": 429204.61719014874
        },
        {
            "id": 459,
            "image_id": 94,
            "category_id": 3,
            "segmentation": [],
            "bbox": [
                743.0986051805336,
                370.6872392431897,
                553.4446688235531,
                68.96506776617481
            ],
            "ignore": 0,
            "iscrowd": 0,
            "area": 38168.34909024452
        },
        {
            "id": 460,
            "image_id": 94,
            "category_id": 2,
            "segmentation": [],
            "bbox": [
                743.0986051805336,
                451.7211938684452,
                563.7894289884792,
                627.5821166721906
            ],
            "ignore": 0,
            "iscrowd": 0,
            "area": 353824.16320199554
        },
        {
            "id": 461,
            "image_id": 94,
            "category_id": 2,
            "segmentation": [],
            "bbox": [
                722.9715851566394,
                1143.0959982243478,
                611.5024761188434,
                955.4910064906912
            ],
            "ignore": 0,
            "iscrowd": 0,
            "area": 584285.1163783435
        }
    ],
    "categories": [
        {
            "id": 0,
            "name": "Figure"
        },
        {
            "id": 1,
            "name": "Table"
        },
        {
            "id": 2,
            "name": "text"
        },
        {
            "id": 3,
            "name": "title"
        }
    ]
}