{
    "info": {
        "year": 2025,
        "version": "1.0",
        "description": "",
        "contributor": "Label Studio",
        "url": "",
        "date_created": "2025-11-30 15:34:28.593648"
    },
    "licenses": [],
    "images": [
        {
            "width": 1700,
            "height": 2200,
            "id": 43,
            "file_name": "c5e1186c-c32.png"
        }
    ],
    "annotations": [
        {
            "id": 167,
            "image_id": 43,
            "category_id": 0,
            "segmentation": [],
            "bbox": [
                131.34328358208955,
                205.22388059701495,
                1391.4179104477612,
                1116.4179104477614
            ],
            "ignore": 0,
            "iscrowd": 0,
            "area": 1553403.87614168
        },
        {
            "id": 168,
            "image_id": 43,
            "category_id": 2,
            "segmentation": [],
            "bbox": [
                135.44776119402985,
                1346.268656716418,
                1370.8955223880598,
                102.61194029850759
            ],
            "ignore": 0,
            "iscrowd": 0,
            "area": 140670.24949877497
        }
    ],
    "categories": [
        {
            "id": 0,
            "name": "Figure"
        },
        {
            "id": 1,
            "name": "Table"
        },
        {
            "id": 2,
            "name": "text"
        },
        {
            "id": 3,
            "name": "title"
        }
    ]
}