{
    "info": {
        "year": 2025,
        "version": "1.0",
        "description": "",
        "contributor": "Label Studio",
        "url": "",
        "date_created": "2025-11-30 15:34:28.593648"
    },
    "licenses": [],
    "images": [
        {
            "width": 1700,
            "height": 2200,
            "id": 61,
            "file_name": "caf75577-e6.png"
        }
    ],
    "annotations": [
        {
            "id": 238,
            "image_id": 61,
            "category_id": 2,
            "segmentation": [],
            "bbox": [
                189.12321299273262,
                196.87606747678143,
                1328.4813346156714,
                79.67660422655787
            ],
            "ignore": 0,
            "iscrowd": 0,
            "area": 105848.88152054224
        },
        {
            "id": 239,
            "image_id": 61,
            "category_id": 2,
            "segmentation": [],
            "bbox": [
                214.1018863845881,
                295.44401461962644,
                1301.4036231220061,
                566.7402874886155
            ],
            "ignore": 0,
            "iscrowd": 0,
            "area": 737557.8635068916
        },
        {
            "id": 240,
            "image_id": 61,
            "category_id": 2,
            "segmentation": [],
            "bbox": [
                230.8941911990656,
                893.6698736353875,
                1280.4132421039092,
                384.6443303667121
            ],
            "ignore": 0,
            "iscrowd": 0,
            "area": 492503.69410172896
        },
        {
            "id": 241,
            "image_id": 61,
            "category_id": 2,
            "segmentation": [],
            "bbox": [
                266.5778389298303,
                1288.8093945111482,
                1251.0267086785739,
                312.7566771696435
            ],
            "ignore": 0,
            "iscrowd": 0,
            "area": 391266.9564567864
        },
        {
            "id": 242,
            "image_id": 61,
            "category_id": 2,
            "segmentation": [],
            "bbox": [
                188.91342916287186,
                1658.2401004296532,
                1328.6911184455323,
                352.63840110402714
            ],
            "ignore": 0,
            "iscrowd": 0,
            "area": 468547.51156975405
        }
    ],
    "categories": [
        {
            "id": 0,
            "name": "Figure"
        },
        {
            "id": 1,
            "name": "Table"
        },
        {
            "id": 2,
            "name": "text"
        },
        {
            "id": 3,
            "name": "title"
        }
    ]
}