{
    "info": {
        "year": 2025,
        "version": "1.0",
        "description": "",
        "contributor": "Label Studio",
        "url": "",
        "date_created": "2025-11-30 15:34:28.593648"
    },
    "licenses": [],
    "images": [
        {
            "width": 1700,
            "height": 2200,
            "id": 33,
            "file_name": "cef03355-c22.png"
        }
    ],
    "annotations": [
        {
            "id": 147,
            "image_id": 33,
            "category_id": 0,
            "segmentation": [],
            "bbox": [
                143.65671641791042,
                180.59701492537314,
                1395.5223880597018,
                1128.7313432835822
            ],
            "ignore": 0,
            "iscrowd": 0,
            "area": 1575169.8596569397
        },
        {
            "id": 148,
            "image_id": 33,
            "category_id": 2,
            "segmentation": [],
            "bbox": [
                131.34328358208955,
                1354.4776119402986,
                1379.1044776119402,
                94.40298507462711
            ],
            "ignore": 0,
            "iscrowd": 0,
            "area": 130191.57941635141
        }
    ],
    "categories": [
        {
            "id": 0,
            "name": "Figure"
        },
        {
            "id": 1,
            "name": "Table"
        },
        {
            "id": 2,
            "name": "text"
        },
        {
            "id": 3,
            "name": "title"
        }
    ]
}