{
    "info": {
        "year": 2025,
        "version": "1.0",
        "description": "",
        "contributor": "Label Studio",
        "url": "",
        "date_created": "2025-11-30 15:34:28.593648"
    },
    "licenses": [],
    "images": [
        {
            "width": 1654,
            "height": 2221,
            "id": 89,
            "file_name": "cf0cfffc-n2.png"
        }
    ],
    "annotations": [
        {
            "id": 424,
            "image_id": 89,
            "category_id": 3,
            "segmentation": [],
            "bbox": [
                93.26535957214506,
                368.05993849035593,
                227.0134907585845,
                37.83558179309745
            ],
            "ignore": 0,
            "iscrowd": 0,
            "area": 8589.187497732995
        },
        {
            "id": 425,
            "image_id": 89,
            "category_id": 2,
            "segmentation": [],
            "bbox": [
                88.53591184800787,
                420.0838634558648,
                821.0945337610423,
                1340.8471724978776
            ],
            "ignore": 0,
            "iscrowd": 0,
            "area": 1100962.2839469567
        },
        {
            "id": 426,
            "image_id": 89,
            "category_id": 2,
            "segmentation": [],
            "bbox": [
                86.70654160918157,
                1815.843978298915,
                225.43700818387208,
                279.03741572409325
            ],
            "ignore": 0,
            "iscrowd": 0,
            "area": 62905.360172198925
        },
        {
            "id": 427,
            "image_id": 89,
            "category_id": 2,
            "segmentation": [],
            "bbox": [
                318.4494800919032,
                1817.4204608736275,
                619.5576518619703,
                285.3433460229432
            ],
            "ignore": 0,
            "iscrowd": 0,
            "area": 176786.65343641237
        },
        {
            "id": 428,
            "image_id": 89,
            "category_id": 2,
            "segmentation": [],
            "bbox": [
                952.1954751262849,
                351.55561416086346,
                619.55765186197,
                313.72003236776607
            ],
            "ignore": 0,
            "iscrowd": 0,
            "area": 194367.64659583438
        },
        {
            "id": 429,
            "image_id": 89,
            "category_id": 3,
            "segmentation": [],
            "bbox": [
                953.7719577009973,
                677.8875071263287,
                578.5691049194479,
                74.09468101148242
            ],
            "ignore": 0,
            "iscrowd": 0,
            "area": 42868.8932721054
        },
        {
            "id": 430,
            "image_id": 89,
            "category_id": 2,
            "segmentation": [],
            "bbox": [
                953.7719577009973,
                751.9821881378111,
                605.3693086895587,
                122.96564082756645
            ],
            "ignore": 0,
            "iscrowd": 0,
            "area": 74439.62498035247
        },
        {
            "id": 431,
            "image_id": 89,
            "category_id": 2,
            "segmentation": [],
            "bbox": [
                952.1954751262849,
                893.8656198619263,
                613.2517215631203,
                1210.7386173791172
            ],
            "ignore": 0,
            "iscrowd": 0,
            "area": 742487.5414706956
        }
    ],
    "categories": [
        {
            "id": 0,
            "name": "Figure"
        },
        {
            "id": 1,
            "name": "Table"
        },
        {
            "id": 2,
            "name": "text"
        },
        {
            "id": 3,
            "name": "title"
        }
    ]
}