{
    "info": {
        "year": 2025,
        "version": "1.0",
        "description": "",
        "contributor": "Label Studio",
        "url": "",
        "date_created": "2025-11-30 15:34:28.593648"
    },
    "licenses": [],
    "images": [
        {
            "width": 1700,
            "height": 2200,
            "id": 63,
            "file_name": "d11919ee-e8.png"
        }
    ],
    "annotations": [
        {
            "id": 250,
            "image_id": 63,
            "category_id": 2,
            "segmentation": [],
            "bbox": [
                184.7014925373134,
                188.80597014925374,
                1321.6417910447763,
                385.820895522388
            ],
            "ignore": 0,
            "iscrowd": 0,
            "area": 509917.0193807084
        },
        {
            "id": 251,
            "image_id": 63,
            "category_id": 2,
            "segmentation": [],
            "bbox": [
                194.86237714203335,
                592.4873682768424,
                1303.273103035965,
                196.9576715199048
            ],
            "ignore": 0,
            "iscrowd": 0,
            "area": 256689.63572848466
        },
        {
            "id": 252,
            "image_id": 63,
            "category_id": 2,
            "segmentation": [],
            "bbox": [
                190.67178838629067,
                810.3979835754603,
                1313.7495749253214,
                360.3906329938682
            ],
            "ignore": 0,
            "iscrowd": 0,
            "area": 473463.0409027619
        },
        {
            "id": 253,
            "image_id": 63,
            "category_id": 3,
            "segmentation": [],
            "bbox": [
                192.76708276416207,
                1183.3603828365567,
                266.10238598965844,
                60.76353695826836
            ],
            "ignore": 0,
            "iscrowd": 0,
            "area": 16169.322165766003
        },
        {
            "id": 254,
            "image_id": 63,
            "category_id": 2,
            "segmentation": [],
            "bbox": [
                190.67178838629067,
                1252.9860379670533,
                1320.0354580589355,
                243.05414783307376
            ],
            "ignore": 0,
            "iscrowd": 0,
            "area": 320840.09336795576
        },
        {
            "id": 255,
            "image_id": 63,
            "category_id": 2,
            "segmentation": [],
            "bbox": [
                236.76826469945988,
                1516.9931295788401,
                1265.5578042342813,
                209.52943778713276
            ],
            "ignore": 0,
            "iscrowd": 0,
            "area": 265171.6152083272
        },
        {
            "id": 256,
            "image_id": 63,
            "category_id": 2,
            "segmentation": [],
            "bbox": [
                192.76708276416207,
                1791.4766930799838,
                1313.7495749253214,
                207.43414340926145
            ],
            "ignore": 0,
            "iscrowd": 0,
            "area": 272516.5177289154
        }
    ],
    "categories": [
        {
            "id": 0,
            "name": "Figure"
        },
        {
            "id": 1,
            "name": "Table"
        },
        {
            "id": 2,
            "name": "text"
        },
        {
            "id": 3,
            "name": "title"
        }
    ]
}