{
    "info": {
        "year": 2025,
        "version": "1.0",
        "description": "",
        "contributor": "Label Studio",
        "url": "",
        "date_created": "2025-11-30 15:34:28.593648"
    },
    "licenses": [],
    "images": [
        {
            "width": 1654,
            "height": 2221,
            "id": 88,
            "file_name": "d184c472-n1.png"
        }
    ],
    "annotations": [
        {
            "id": 417,
            "image_id": 88,
            "category_id": 3,
            "segmentation": [],
            "bbox": [
                98.98120802704378,
                330.4705526661018,
                1067.7334568023662,
                126.35898897069416
            ],
            "ignore": 0,
            "iscrowd": 0,
            "area": 134917.72009173135
        },
        {
            "id": 418,
            "image_id": 88,
            "category_id": 2,
            "segmentation": [],
            "bbox": [
                98.98120802704378,
                473.6774068328886,
                1206.7283446701297,
                103.1931743260668
            ],
            "ignore": 0,
            "iscrowd": 0,
            "area": 124526.12843575071
        },
        {
            "id": 419,
            "image_id": 88,
            "category_id": 2,
            "segmentation": [],
            "bbox": [
                94.76924172802065,
                591.6124632055365,
                1240.4240750623148,
                558.0855346205659
            ],
            "ignore": 0,
            "iscrowd": 0,
            "area": 692262.733087373
        },
        {
            "id": 420,
            "image_id": 88,
            "category_id": 3,
            "segmentation": [],
            "bbox": [
                94.76924172802065,
                1173.0326142779445,
                172.6906182599488,
                33.695730392185055
            ],
            "ignore": 0,
            "iscrowd": 0,
            "area": 5818.936514146984
        },
        {
            "id": 421,
            "image_id": 88,
            "category_id": 2,
            "segmentation": [],
            "bbox": [
                96.87522487753223,
                1208.8343278196412,
                608.6291302088437,
                895.0428385424175
            ],
            "ignore": 0,
            "iscrowd": 0,
            "area": 544749.144321726
        },
        {
            "id": 422,
            "image_id": 88,
            "category_id": 2,
            "segmentation": [],
            "bbox": [
                722.3522202824678,
                1170.926631128433,
                608.6291302088439,
                924.5266026355785
            ],
            "ignore": 0,
            "iscrowd": 0,
            "area": 562693.8220170295
        },
        {
            "id": 423,
            "image_id": 88,
            "category_id": 2,
            "segmentation": [],
            "bbox": [
                1345.7232325378934,
                598.099214461286,
                240.0820790443192,
                1496.541796568019
            ],
            "ignore": 0,
            "iscrowd": 0,
            "area": 359292.86589677056
        }
    ],
    "categories": [
        {
            "id": 0,
            "name": "Figure"
        },
        {
            "id": 1,
            "name": "Table"
        },
        {
            "id": 2,
            "name": "text"
        },
        {
            "id": 3,
            "name": "title"
        }
    ]
}