{
    "info": {
        "year": 2025,
        "version": "1.0",
        "description": "",
        "contributor": "Label Studio",
        "url": "",
        "date_created": "2025-11-30 15:34:28.593648"
    },
    "licenses": [],
    "images": [
        {
            "width": 1700,
            "height": 2200,
            "id": 27,
            "file_name": "d1a73a0b-c15.png"
        }
    ],
    "annotations": [
        {
            "id": 135,
            "image_id": 27,
            "category_id": 3,
            "segmentation": [],
            "bbox": [
                134.73237785306344,
                145.7252813144786,
                302.0612987350938,
                49.98136597774935
            ],
            "ignore": 0,
            "iscrowd": 0,
            "area": 15097.436319793002
        },
        {
            "id": 136,
            "image_id": 27,
            "category_id": 2,
            "segmentation": [],
            "bbox": [
                139.07858359025903,
                215.26457310960814,
                1412.516864588568,
                421.5819565079726
            ],
            "ignore": 0,
            "iscrowd": 0,
            "area": 595491.6233737556
        }
    ],
    "categories": [
        {
            "id": 0,
            "name": "Figure"
        },
        {
            "id": 1,
            "name": "Table"
        },
        {
            "id": 2,
            "name": "text"
        },
        {
            "id": 3,
            "name": "title"
        }
    ]
}