{
    "info": {
        "year": 2025,
        "version": "1.0",
        "description": "",
        "contributor": "Label Studio",
        "url": "",
        "date_created": "2025-11-30 15:34:28.593648"
    },
    "licenses": [],
    "images": [
        {
            "width": 1700,
            "height": 2200,
            "id": 42,
            "file_name": "d2b185c2-c31.png"
        }
    ],
    "annotations": [
        {
            "id": 165,
            "image_id": 42,
            "category_id": 0,
            "segmentation": [],
            "bbox": [
                139.55223880597015,
                197.01492537313433,
                1379.1044776119402,
                1112.3134328358208
            ],
            "ignore": 0,
            "iscrowd": 0,
            "area": 1533996.4357317886
        },
        {
            "id": 166,
            "image_id": 42,
            "category_id": 2,
            "segmentation": [],
            "bbox": [
                143.65671641791042,
                1354.4776119402986,
                1411.9402985074628,
                127.23880597014913
            ],
            "ignore": 0,
            "iscrowd": 0,
            "area": 179653.5976832255
        }
    ],
    "categories": [
        {
            "id": 0,
            "name": "Figure"
        },
        {
            "id": 1,
            "name": "Table"
        },
        {
            "id": 2,
            "name": "text"
        },
        {
            "id": 3,
            "name": "title"
        }
    ]
}