{
    "info": {
        "year": 2025,
        "version": "1.0",
        "description": "",
        "contributor": "Label Studio",
        "url": "",
        "date_created": "2025-11-30 15:34:28.593648"
    },
    "licenses": [],
    "images": [
        {
            "width": 1654,
            "height": 2221,
            "id": 93,
            "file_name": "d96b4a7a-n6.png"
        }
    ],
    "annotations": [
        {
            "id": 452,
            "image_id": 93,
            "category_id": 2,
            "segmentation": [],
            "bbox": [
                322.7167649459878,
                351.8730783425549,
                609.1011788715664,
                1377.1193908051546
            ],
            "ignore": 0,
            "iscrowd": 0,
            "area": 838805.044386313
        },
        {
            "id": 453,
            "image_id": 93,
            "category_id": 2,
            "segmentation": [],
            "bbox": [
                320.5795678271402,
                1746.0900460984903,
                619.7871644658044,
                354.7747217287017
            ],
            "ignore": 0,
            "iscrowd": 0,
            "area": 219884.81880437682
        },
        {
            "id": 454,
            "image_id": 93,
            "category_id": 2,
            "segmentation": [],
            "bbox": [
                951.0527178871827,
                348.363130372159,
                619.7871644658042,
                989.5222660264394
            ],
            "ignore": 0,
            "iscrowd": 0,
            "area": 613293.199436304
        },
        {
            "id": 455,
            "image_id": 93,
            "category_id": 2,
            "segmentation": [],
            "bbox": [
                946.7783236494874,
                1357.5723639855694,
                621.9243615846518,
                743.7445973589654
            ],
            "ignore": 0,
            "iscrowd": 0,
            "area": 462552.8838945085
        }
    ],
    "categories": [
        {
            "id": 0,
            "name": "Figure"
        },
        {
            "id": 1,
            "name": "Table"
        },
        {
            "id": 2,
            "name": "text"
        },
        {
            "id": 3,
            "name": "title"
        }
    ]
}