{
    "info": {
        "year": 2025,
        "version": "1.0",
        "description": "",
        "contributor": "Label Studio",
        "url": "",
        "date_created": "2025-11-30 15:34:28.593648"
    },
    "licenses": [],
    "images": [
        {
            "width": 1700,
            "height": 2200,
            "id": 58,
            "file_name": "db74db5e-e3.png"
        }
    ],
    "annotations": [
        {
            "id": 218,
            "image_id": 58,
            "category_id": 3,
            "segmentation": [],
            "bbox": [
                195.2671776255615,
                202.3492450980324,
                167.37186653619557,
                39.5183573766017
            ],
            "ignore": 0,
            "iscrowd": 0,
            "area": 6614.261236566259
        },
        {
            "id": 219,
            "image_id": 58,
            "category_id": 2,
            "segmentation": [],
            "bbox": [
                188.29334985321998,
                262.7890857916585,
                1315.7288397150926,
                871.7284715426853
            ],
            "ignore": 0,
            "iscrowd": 0,
            "area": 1146958.2904094683
        },
        {
            "id": 220,
            "image_id": 58,
            "category_id": 3,
            "segmentation": [],
            "bbox": [
                190.61795911066713,
                1148.4652128790267,
                255.7070183191877,
                41.84296663404883
            ],
            "ignore": 0,
            "iscrowd": 0,
            "area": 10699.540235621884
        },
        {
            "id": 221,
            "image_id": 58,
            "category_id": 2,
            "segmentation": [],
            "bbox": [
                190.61795911066713,
                1218.2034906024417,
                1308.7550119427513,
                362.5308044616276
            ],
            "ignore": 0,
            "iscrowd": 0,
            "area": 474464.00732279266
        },
        {
            "id": 222,
            "image_id": 58,
            "category_id": 2,
            "segmentation": [],
            "bbox": [
                188.29334985321998,
                1592.357341351305,
                1325.0272767448812,
                216.18866094258578
            ],
            "ignore": 0,
            "iscrowd": 0,
            "area": 286455.8726718769
        },
        {
            "id": 223,
            "image_id": 58,
            "category_id": 2,
            "segmentation": [],
            "bbox": [
                192.9425683681143,
                1924.7764651662487,
                1259.938217536361,
                88.3351517829922
            ],
            "ignore": 0,
            "iscrowd": 0,
            "area": 111296.83368326709
        }
    ],
    "categories": [
        {
            "id": 0,
            "name": "Figure"
        },
        {
            "id": 1,
            "name": "Table"
        },
        {
            "id": 2,
            "name": "text"
        },
        {
            "id": 3,
            "name": "title"
        }
    ]
}