{
    "info": {
        "year": 2025,
        "version": "1.0",
        "description": "",
        "contributor": "Label Studio",
        "url": "",
        "date_created": "2025-11-30 15:34:28.593648"
    },
    "licenses": [],
    "images": [
        {
            "width": 1700,
            "height": 2200,
            "id": 28,
            "file_name": "decd8dde-c16.png"
        }
    ],
    "annotations": [
        {
            "id": 137,
            "image_id": 28,
            "category_id": 3,
            "segmentation": [],
            "bbox": [
                140.13051570569326,
                216.86919967033126,
                184.0520206283732,
                52.2875058603333
            ],
            "ignore": 0,
            "iscrowd": 0,
            "area": 9623.62110721225
        },
        {
            "id": 138,
            "image_id": 28,
            "category_id": 2,
            "segmentation": [],
            "bbox": [
                140.13051570569326,
                275.43120623390456,
                1420.1286591666524,
                1765.6147759506823
            ],
            "ignore": 0,
            "iscrowd": 0,
            "area": 2507400.1443756716
        }
    ],
    "categories": [
        {
            "id": 0,
            "name": "Figure"
        },
        {
            "id": 1,
            "name": "Table"
        },
        {
            "id": 2,
            "name": "text"
        },
        {
            "id": 3,
            "name": "title"
        }
    ]
}