{
    "info": {
        "year": 2025,
        "version": "1.0",
        "description": "",
        "contributor": "Label Studio",
        "url": "",
        "date_created": "2025-11-30 15:34:28.593648"
    },
    "licenses": [],
    "images": [
        {
            "width": 1654,
            "height": 2221,
            "id": 85,
            "file_name": "e21b3321-m1.png"
        }
    ],
    "annotations": [
        {
            "id": 397,
            "image_id": 85,
            "category_id": 2,
            "segmentation": [],
            "bbox": [
                89.82979950125815,
                362.7688880345093,
                617.5798715711499,
                1222.7270731626973
            ],
            "ignore": 0,
            "iscrowd": 0,
            "area": 755131.6288103865
        },
        {
            "id": 398,
            "image_id": 85,
            "category_id": 2,
            "segmentation": [],
            "bbox": [
                725.3756309726596,
                359.31919800503255,
                604.1054016459613,
                772.5362757108202
            ],
            "ignore": 0,
            "iscrowd": 0,
            "area": 466693.3371243601
        },
        {
            "id": 399,
            "image_id": 85,
            "category_id": 2,
            "segmentation": [],
            "bbox": [
                1338.4640125687467,
                361.5649429925641,
                247.03194862845993,
                507.5383671821087
            ],
            "ignore": 0,
            "iscrowd": 0,
            "area": 125378.1918487031
        },
        {
            "id": 400,
            "image_id": 85,
            "category_id": 2,
            "segmentation": [],
            "bbox": [
                725.3756309726596,
                1143.0841986535102,
                610.8426366085555,
                94.32128947632106
            ],
            "ignore": 0,
            "iscrowd": 0,
            "area": 57615.465152034754
        },
        {
            "id": 401,
            "image_id": 85,
            "category_id": 2,
            "segmentation": [],
            "bbox": [
                725.3756309726596,
                1248.6342130674886,
                601.8596566584297,
                339.1074931172492
            ],
            "ignore": 0,
            "iscrowd": 0,
            "area": 204095.1193778484
        },
        {
            "id": 402,
            "image_id": 85,
            "category_id": 3,
            "segmentation": [],
            "bbox": [
                96.56703446385251,
                1619.1403433415703,
                1210.456548279454,
                123.51597431423009
            ],
            "ignore": 0,
            "iscrowd": 0,
            "area": 149510.71992577665
        },
        {
            "id": 403,
            "image_id": 85,
            "category_id": 2,
            "segmentation": [],
            "bbox": [
                96.56703446385251,
                1765.113767531115,
                606.3511466334926,
                330.1245131671237
            ],
            "ignore": 0,
            "iscrowd": 0,
            "area": 200171.377090709
        },
        {
            "id": 404,
            "image_id": 85,
            "category_id": 2,
            "segmentation": [],
            "bbox": [
                718.6383960100652,
                1767.3595125186462,
                615.3341265836183,
                325.63302319206093
            ],
            "ignore": 0,
            "iscrowd": 0,
            "area": 200373.11191266993
        },
        {
            "id": 405,
            "image_id": 85,
            "category_id": 2,
            "segmentation": [],
            "bbox": [
                1344.7874771036752,
                1768.564747359402,
                193.053321173367,
                99.79875077606228
            ],
            "ignore": 0,
            "iscrowd": 0,
            "area": 19266.480286271963
        }
    ],
    "categories": [
        {
            "id": 0,
            "name": "Figure"
        },
        {
            "id": 1,
            "name": "Table"
        },
        {
            "id": 2,
            "name": "text"
        },
        {
            "id": 3,
            "name": "title"
        }
    ]
}