{
    "info": {
        "year": 2025,
        "version": "1.0",
        "description": "",
        "contributor": "Label Studio",
        "url": "",
        "date_created": "2025-11-30 15:34:28.593648"
    },
    "licenses": [],
    "images": [
        {
            "width": 1654,
            "height": 2221,
            "id": 95,
            "file_name": "e2e218ad-n8.png"
        }
    ],
    "annotations": [
        {
            "id": 462,
            "image_id": 95,
            "category_id": 2,
            "segmentation": [],
            "bbox": [
                319.26721653840485,
                350.78950478697334,
                622.101561637333,
                1757.5279481994721
            ],
            "ignore": 0,
            "iscrowd": 0,
            "area": 1093360.8811961494
        },
        {
            "id": 463,
            "image_id": 95,
            "category_id": 2,
            "segmentation": [],
            "bbox": [
                953.2584496220294,
                350.4663810375876,
                607.3702854571237,
                952.667311910334
            ],
            "ignore": 0,
            "iscrowd": 0,
            "area": 578621.8171806503
        },
        {
            "id": 464,
            "image_id": 95,
            "category_id": 3,
            "segmentation": [],
            "bbox": [
                955.1674197976089,
                1322.271837971189,
                405.3807082201147,
                40.016121412285734
            ],
            "ignore": 0,
            "iscrowd": 0,
            "area": 16221.763638334487
        },
        {
            "id": 465,
            "image_id": 95,
            "category_id": 2,
            "segmentation": [],
            "bbox": [
                956.9072511633605,
                1365.7676221149782,
                607.201146647296,
                741.1681618101667
            ],
            "ignore": 0,
            "iscrowd": 0,
            "area": 450038.15770960186
        }
    ],
    "categories": [
        {
            "id": 0,
            "name": "Figure"
        },
        {
            "id": 1,
            "name": "Table"
        },
        {
            "id": 2,
            "name": "text"
        },
        {
            "id": 3,
            "name": "title"
        }
    ]
}