{
    "info": {
        "year": 2025,
        "version": "1.0",
        "description": "",
        "contributor": "Label Studio",
        "url": "",
        "date_created": "2025-11-30 15:34:28.593648"
    },
    "licenses": [],
    "images": [
        {
            "width": 1654,
            "height": 2221,
            "id": 83,
            "file_name": "e62c6fbb-l1.png"
        }
    ],
    "annotations": [
        {
            "id": 388,
            "image_id": 83,
            "category_id": 3,
            "segmentation": [],
            "bbox": [
                91.16044776119402,
                331.4925373134328,
                1193.3731343283582,
                132.59701492537312
            ],
            "ignore": 0,
            "iscrowd": 0,
            "area": 158237.7153040766
        },
        {
            "id": 389,
            "image_id": 83,
            "category_id": 2,
            "segmentation": [],
            "bbox": [
                95.30410447761194,
                501.3824626865672,
                617.4048507462686,
                1595.3078358208957
            ],
            "ignore": 0,
            "iscrowd": 0,
            "area": 984950.7962693529
        },
        {
            "id": 390,
            "image_id": 83,
            "category_id": 2,
            "segmentation": [],
            "bbox": [
                722.7912209618137,
                506.06059398290637,
                614.2491946057734,
                740.0592706093656
            ],
            "ignore": 0,
            "iscrowd": 0,
            "area": 454580.81093233894
        },
        {
            "id": 391,
            "image_id": 83,
            "category_id": 2,
            "segmentation": [],
            "bbox": [
                742.5261348447301,
                1282.7694023895667,
                823.9326546117602,
                789.3965553166568
            ],
            "ignore": 0,
            "iscrowd": 0,
            "area": 650409.5993634323
        }
    ],
    "categories": [
        {
            "id": 0,
            "name": "Figure"
        },
        {
            "id": 1,
            "name": "Table"
        },
        {
            "id": 2,
            "name": "text"
        },
        {
            "id": 3,
            "name": "title"
        }
    ]
}