{
    "info": {
        "year": 2025,
        "version": "1.0",
        "description": "",
        "contributor": "Label Studio",
        "url": "",
        "date_created": "2025-11-30 15:34:28.593648"
    },
    "licenses": [],
    "images": [
        {
            "width": 1654,
            "height": 2339,
            "id": 77,
            "file_name": "e7118f47-i.png"
        }
    ],
    "annotations": [
        {
            "id": 347,
            "image_id": 77,
            "category_id": 3,
            "segmentation": [],
            "bbox": [
                143.08841453450322,
                617.7686778923879,
                981.4970934476082,
                82.72298965275964
            ],
            "ignore": 0,
            "iscrowd": 0,
            "area": 81192.37390548016
        },
        {
            "id": 348,
            "image_id": 77,
            "category_id": 2,
            "segmentation": [],
            "bbox": [
                149.79568396580808,
                742.9710406100781,
                876.4165390238323,
                125.20236271769033
            ],
            "ignore": 0,
            "iscrowd": 0,
            "area": 109729.42141064466
        },
        {
            "id": 349,
            "image_id": 77,
            "category_id": 2,
            "segmentation": [],
            "bbox": [
                147.55992748870642,
                906.1812634384961,
                664.0196736991791,
                837.708788700762
            ],
            "ignore": 0,
            "iscrowd": 0,
            "area": 556255.1165280145
        },
        {
            "id": 350,
            "image_id": 77,
            "category_id": 2,
            "segmentation": [],
            "bbox": [
                838.408678913105,
                912.1886426574582,
                664.019673699179,
                283.94107259190497
            ],
            "ignore": 0,
            "iscrowd": 0,
            "area": 188542.45837227162
        },
        {
            "id": 351,
            "image_id": 77,
            "category_id": 2,
            "segmentation": [],
            "bbox": [
                838.408678913105,
                1225.194549451684,
                688.6129949472968,
                507.51672030206646
            ],
            "ignore": 0,
            "iscrowd": 0,
            "area": 349482.60875303554
        }
    ],
    "categories": [
        {
            "id": 0,
            "name": "Figure"
        },
        {
            "id": 1,
            "name": "Table"
        },
        {
            "id": 2,
            "name": "text"
        },
        {
            "id": 3,
            "name": "title"
        }
    ]
}