{
    "info": {
        "year": 2025,
        "version": "1.0",
        "description": "",
        "contributor": "Label Studio",
        "url": "",
        "date_created": "2025-11-30 15:34:28.593648"
    },
    "licenses": [],
    "images": [
        {
            "width": 1654,
            "height": 2221,
            "id": 97,
            "file_name": "ecdb3fd9-n10.png"
        }
    ],
    "annotations": [
        {
            "id": 483,
            "image_id": 97,
            "category_id": 3,
            "segmentation": [],
            "bbox": [
                344.01748253837036,
                371.0975759160264,
                567.678994509381,
                64.18985096925857
            ],
            "ignore": 0,
            "iscrowd": 0,
            "area": 36439.230055935725
        },
        {
            "id": 484,
            "image_id": 97,
            "category_id": 2,
            "segmentation": [],
            "bbox": [
                339.00265043139706,
                451.3348896275997,
                560.6582295596182,
                642.9014761139807
            ],
            "ignore": 0,
            "iscrowd": 0,
            "area": 360448.00337932963
        },
        {
            "id": 485,
            "image_id": 97,
            "category_id": 2,
            "segmentation": [],
            "bbox": [
                326.9670533746611,
                1152.4084181824712,
                604.7129767267568,
                943.1845698775027
            ],
            "ignore": 0,
            "iscrowd": 0,
            "area": 570355.9488533704
        },
        {
            "id": 486,
            "image_id": 97,
            "category_id": 2,
            "segmentation": [],
            "bbox": [
                948.169942138611,
                350.4106307903562,
                621.1200200676118,
                645.854888123402
            ],
            "ignore": 0,
            "iscrowd": 0,
            "area": 401153.4010719726
        },
        {
            "id": 487,
            "image_id": 97,
            "category_id": 2,
            "segmentation": [],
            "bbox": [
                949.5441014750427,
                1336.4554346251973,
                608.7525860397167,
                749.8769504043876
            ],
            "ignore": 0,
            "iscrowd": 0,
            "area": 456489.5327702473
        },
        {
            "id": 488,
            "image_id": 97,
            "category_id": 2,
            "segmentation": [],
            "bbox": [
                951.908057905035,
                1032.722473691459,
                602.5044325779487,
                264.9027753152634
            ],
            "ignore": 0,
            "iscrowd": 0,
            "area": 159605.09632964662
        },
        {
            "id": 489,
            "image_id": 97,
            "category_id": 3,
            "segmentation": [],
            "bbox": [
                950.9121828098649,
                1004.8379710266944,
                113.5297608493985,
                21.90925209374352
            ],
            "ignore": 0,
            "iscrowd": 0,
            "area": 2487.3521505918848
        },
        {
            "id": 490,
            "image_id": 97,
            "category_id": 3,
            "segmentation": [],
            "bbox": [
                954.8956831905456,
                1307.5839999584239,
                191.20801827267124,
                24.89687737925427
            ],
            "ignore": 0,
            "iscrowd": 0,
            "area": 4760.482584864906
        }
    ],
    "categories": [
        {
            "id": 0,
            "name": "Figure"
        },
        {
            "id": 1,
            "name": "Table"
        },
        {
            "id": 2,
            "name": "text"
        },
        {
            "id": 3,
            "name": "title"
        }
    ]
}