{
    "info": {
        "year": 2025,
        "version": "1.0",
        "description": "",
        "contributor": "Label Studio",
        "url": "",
        "date_created": "2025-11-30 15:34:28.593648"
    },
    "licenses": [],
    "images": [
        {
            "width": 1700,
            "height": 2200,
            "id": 55,
            "file_name": "edbb7e91-d6.png"
        }
    ],
    "annotations": [
        {
            "id": 210,
            "image_id": 55,
            "category_id": 2,
            "segmentation": [],
            "bbox": [
                183.28069994562452,
                268.5692309598895,
                1160.7777663222867,
                48.87485331883311
            ],
            "ignore": 0,
            "iscrowd": 0,
            "area": 56732.8430647645
        },
        {
            "id": 211,
            "image_id": 55,
            "category_id": 1,
            "segmentation": [],
            "bbox": [
                171.06198661591623,
                329.66279760843094,
                1334.2834956041445,
                887.0785877368211
            ],
            "ignore": 0,
            "iscrowd": 0,
            "area": 1183614.3189210733
        }
    ],
    "categories": [
        {
            "id": 0,
            "name": "Figure"
        },
        {
            "id": 1,
            "name": "Table"
        },
        {
            "id": 2,
            "name": "text"
        },
        {
            "id": 3,
            "name": "title"
        }
    ]
}