{
    "info": {
        "year": 2025,
        "version": "1.0",
        "description": "",
        "contributor": "Label Studio",
        "url": "",
        "date_created": "2025-11-30 15:34:28.593648"
    },
    "licenses": [],
    "images": [
        {
            "width": 1700,
            "height": 2200,
            "id": 38,
            "file_name": "ef4c86bd-c27.png"
        }
    ],
    "annotations": [
        {
            "id": 157,
            "image_id": 38,
            "category_id": 0,
            "segmentation": [],
            "bbox": [
                147.76119402985077,
                213.43283582089552,
                1379.1044776119402,
                1157.4626865671642
            ],
            "ignore": 0,
            "iscrowd": 0,
            "area": 1596261.9737135218
        },
        {
            "id": 158,
            "image_id": 38,
            "category_id": 2,
            "segmentation": [],
            "bbox": [
                127.23880597014926,
                1461.1940298507463,
                1383.2089552238804,
                114.92537313432805
            ],
            "ignore": 0,
            "iscrowd": 0,
            "area": 158965.8053018485
        }
    ],
    "categories": [
        {
            "id": 0,
            "name": "Figure"
        },
        {
            "id": 1,
            "name": "Table"
        },
        {
            "id": 2,
            "name": "text"
        },
        {
            "id": 3,
            "name": "title"
        }
    ]
}