{
    "info": {
        "year": 2025,
        "version": "1.0",
        "description": "",
        "contributor": "Label Studio",
        "url": "",
        "date_created": "2025-11-30 15:34:28.593648"
    },
    "licenses": [],
    "images": [
        {
            "width": 1654,
            "height": 2339,
            "id": 75,
            "file_name": "efc9acc9-h1.png"
        }
    ],
    "annotations": [
        {
            "id": 334,
            "image_id": 75,
            "category_id": 3,
            "segmentation": [],
            "bbox": [
                151.1656203289036,
                558.499104799154,
                1266.5846673012682,
                169.48872582331612
            ],
            "ignore": 0,
            "iscrowd": 0,
            "area": 214671.8214082407
        },
        {
            "id": 335,
            "image_id": 75,
            "category_id": 2,
            "segmentation": [],
            "bbox": [
                153.45600851570515,
                778.3763707321049,
                1346.7482538393226,
                84.7443629116579
            ],
            "ignore": 0,
            "iscrowd": 0,
            "area": 114129.32277400114
        },
        {
            "id": 336,
            "image_id": 75,
            "category_id": 2,
            "segmentation": [],
            "bbox": [
                150.18314764284526,
                888.0394275678337,
                1342.5862848878396,
                97.70843582741678
            ],
            "ignore": 0,
            "iscrowd": 0,
            "area": 131182.00585973338
        },
        {
            "id": 337,
            "image_id": 75,
            "category_id": 2,
            "segmentation": [],
            "bbox": [
                148.37373216455975,
                1007.4608491346767,
                673.1008949770563,
                807.3828755856777
            ],
            "ignore": 0,
            "iscrowd": 0,
            "area": 543450.1361458689
        },
        {
            "id": 338,
            "image_id": 75,
            "category_id": 3,
            "segmentation": [],
            "bbox": [
                148.37206921941083,
                1816.6531401986401,
                197.22628713311926,
                45.235386957137564
            ],
            "ignore": 0,
            "iscrowd": 0,
            "area": 8921.607416586172
        },
        {
            "id": 339,
            "image_id": 75,
            "category_id": 2,
            "segmentation": [],
            "bbox": [
                150.18148469769633,
                1869.1261890689195,
                656.8178186176357,
                354.0712203208088
            ],
            "ignore": 0,
            "iscrowd": 0,
            "area": 232560.2865663979
        },
        {
            "id": 340,
            "image_id": 75,
            "category_id": 2,
            "segmentation": [],
            "bbox": [
                843.187612881042,
                1006.0350059267367,
                665.8648960090633,
                562.7282137467897
            ],
            "ignore": 0,
            "iscrowd": 0,
            "area": 374700.96352787205
        },
        {
            "id": 341,
            "image_id": 75,
            "category_id": 3,
            "segmentation": [],
            "bbox": [
                837.7593664461853,
                1594.0950363695238,
                327.5042015696753,
                43.42597147885198
            ],
            "ignore": 0,
            "iscrowd": 0,
            "area": 14222.188116568908
        },
        {
            "id": 342,
            "image_id": 75,
            "category_id": 2,
            "segmentation": [],
            "bbox": [
                843.187612881042,
                1655.6151626312305,
                665.8648960090633,
                596.5328944110662
            ],
            "ignore": 0,
            "iscrowd": 0,
            "area": 397210.3137030101
        }
    ],
    "categories": [
        {
            "id": 0,
            "name": "Figure"
        },
        {
            "id": 1,
            "name": "Table"
        },
        {
            "id": 2,
            "name": "text"
        },
        {
            "id": 3,
            "name": "title"
        }
    ]
}