{
    "info": {
        "year": 2025,
        "version": "1.0",
        "description": "",
        "contributor": "Label Studio",
        "url": "",
        "date_created": "2025-11-30 15:34:28.593648"
    },
    "licenses": [],
    "images": [
        {
            "width": 1700,
            "height": 2200,
            "id": 15,
            "file_name": "f22af15a-c3.png"
        }
    ],
    "annotations": [
        {
            "id": 82,
            "image_id": 15,
            "category_id": 3,
            "segmentation": [],
            "bbox": [
                129.97583968949255,
                146.92921008377417,
                214.7426916609007,
                45.20898771808435
            ],
            "ignore": 0,
            "iscrowd": 0,
            "area": 9708.299709846035
        },
        {
            "id": 83,
            "image_id": 15,
            "category_id": 2,
            "segmentation": [],
            "bbox": [
                132.8014014218728,
                226.0449385904218,
                1401.478619260615,
                567.9379082084348
            ],
            "ignore": 0,
            "iscrowd": 0,
            "area": 795952.8354217191
        },
        {
            "id": 84,
            "image_id": 15,
            "category_id": 2,
            "segmentation": [],
            "bbox": [
                144.1036483513939,
                881.5752605026449,
                1407.1297427253758,
                570.763469940815
            ],
            "ignore": 0,
            "iscrowd": 0,
            "area": 803138.2546148617
        },
        {
            "id": 85,
            "image_id": 15,
            "category_id": 2,
            "segmentation": [],
            "bbox": [
                129.97583968949257,
                1528.6288972177274,
                1443.8620452463197,
                434.0239172623294
            ],
            "ignore": 0,
            "iscrowd": 0,
            "area": 626670.6608642064
        }
    ],
    "categories": [
        {
            "id": 0,
            "name": "Figure"
        },
        {
            "id": 1,
            "name": "Table"
        },
        {
            "id": 2,
            "name": "text"
        },
        {
            "id": 3,
            "name": "title"
        }
    ]
}