{
    "info": {
        "year": 2025,
        "version": "1.0",
        "description": "",
        "contributor": "Label Studio",
        "url": "",
        "date_created": "2025-11-30 15:34:28.593648"
    },
    "licenses": [],
    "images": [
        {
            "width": 1700,
            "height": 2200,
            "id": 45,
            "file_name": "f2715c1d-c34.png"
        }
    ],
    "annotations": [
        {
            "id": 171,
            "image_id": 45,
            "category_id": 0,
            "segmentation": [],
            "bbox": [
                127.23880597014926,
                250.37313432835822,
                1383.2089552238804,
                1145.1492537313434
            ],
            "ignore": 0,
            "iscrowd": 0,
            "area": 1583980.7028291377
        },
        {
            "id": 172,
            "image_id": 45,
            "category_id": 2,
            "segmentation": [],
            "bbox": [
                135.44776119402985,
                1420.1492537313432,
                1350.3731343283582,
                102.61194029850745
            ],
            "ignore": 0,
            "iscrowd": 0,
            "area": 138564.40744040988
        }
    ],
    "categories": [
        {
            "id": 0,
            "name": "Figure"
        },
        {
            "id": 1,
            "name": "Table"
        },
        {
            "id": 2,
            "name": "text"
        },
        {
            "id": 3,
            "name": "title"
        }
    ]
}