{
    "info": {
        "year": 2025,
        "version": "1.0",
        "description": "",
        "contributor": "Label Studio",
        "url": "",
        "date_created": "2025-11-30 15:34:28.593648"
    },
    "licenses": [],
    "images": [
        {
            "width": 1700,
            "height": 2200,
            "id": 16,
            "file_name": "f4590589-c4.png"
        }
    ],
    "annotations": [
        {
            "id": 86,
            "image_id": 16,
            "category_id": 2,
            "segmentation": [],
            "bbox": [
                135.60918875881933,
                206.7851194340573,
                1416.3626381476686,
                283.774783884196
            ],
            "ignore": 0,
            "iscrowd": 0,
            "area": 401928.00154200435
        },
        {
            "id": 87,
            "image_id": 16,
            "category_id": 3,
            "segmentation": [],
            "bbox": [
                140.63175130544226,
                538.2742475111713,
                148.16559512537663,
                65.29331310609813
            ],
            "ignore": 0,
            "iscrowd": 0,
            "area": 9674.222594072582
        },
        {
            "id": 88,
            "image_id": 16,
            "category_id": 2,
            "segmentation": [],
            "bbox": [
                138.1204700321308,
                623.6578108037612,
                1423.896481967603,
                632.8428808744901
            ],
            "ignore": 0,
            "iscrowd": 0,
            "area": 901102.7517154294
        },
        {
            "id": 89,
            "image_id": 16,
            "category_id": 2,
            "segmentation": [],
            "bbox": [
                128.07534493888494,
                1348.558043768259,
                1386.227262867931,
                431.9403790095727
            ],
            "ignore": 0,
            "iscrowd": 0,
            "area": 598767.5293165767
        },
        {
            "id": 90,
            "image_id": 16,
            "category_id": 2,
            "segmentation": [],
            "bbox": [
                138.1204700321308,
                1865.8819860704216,
                1401.2949505077997,
                115.51893857232758
            ],
            "ignore": 0,
            "iscrowd": 0,
            "area": 161876.10530942335
        }
    ],
    "categories": [
        {
            "id": 0,
            "name": "Figure"
        },
        {
            "id": 1,
            "name": "Table"
        },
        {
            "id": 2,
            "name": "text"
        },
        {
            "id": 3,
            "name": "title"
        }
    ]
}