{
    "info": {
        "year": 2025,
        "version": "1.0",
        "description": "",
        "contributor": "Label Studio",
        "url": "",
        "date_created": "2025-11-30 15:34:28.593648"
    },
    "licenses": [],
    "images": [
        {
            "width": 1700,
            "height": 2200,
            "id": 71,
            "file_name": "f607a128-g3.png"
        }
    ],
    "annotations": [
        {
            "id": 315,
            "image_id": 71,
            "category_id": 2,
            "segmentation": [],
            "bbox": [
                176.49253731343285,
                184.7014925373134,
                1329.8507462686568,
                1046.6417910447758
            ],
            "ignore": 0,
            "iscrowd": 0,
            "area": 1391877.3668968587
        },
        {
            "id": 316,
            "image_id": 71,
            "category_id": 3,
            "segmentation": [],
            "bbox": [
                176.49253731343285,
                1309.3283582089553,
                147.76119402985077,
                53.35820895522377
            ],
            "ignore": 0,
            "iscrowd": 0,
            "area": 7884.272666518141
        },
        {
            "id": 317,
            "image_id": 71,
            "category_id": 2,
            "segmentation": [],
            "bbox": [
                192.91044776119404,
                1391.4179104477612,
                1297.014925373134,
                414.5522388059703
            ],
            "ignore": 0,
            "iscrowd": 0,
            "area": 537680.4410781913
        },
        {
            "id": 318,
            "image_id": 71,
            "category_id": 2,
            "segmentation": [],
            "bbox": [
                176.49253731343285,
                1879.8507462686568,
                1325.7462686567162,
                221.6417910447759
            ],
            "ignore": 0,
            "iscrowd": 0,
            "area": 293840.77745600324
        }
    ],
    "categories": [
        {
            "id": 0,
            "name": "Figure"
        },
        {
            "id": 1,
            "name": "Table"
        },
        {
            "id": 2,
            "name": "text"
        },
        {
            "id": 3,
            "name": "title"
        }
    ]
}