{
    "info": {
        "year": 2025,
        "version": "1.0",
        "description": "",
        "contributor": "Label Studio",
        "url": "",
        "date_created": "2025-11-30 15:34:28.593648"
    },
    "licenses": [],
    "images": [
        {
            "width": 1700,
            "height": 2200,
            "id": 72,
            "file_name": "f7455d41-g4.png"
        }
    ],
    "annotations": [
        {
            "id": 319,
            "image_id": 72,
            "category_id": 3,
            "segmentation": [],
            "bbox": [
                193.08143948120593,
                193.18773550233124,
                184.20413191885135,
                46.605864702360016
            ],
            "ignore": 0,
            "iscrowd": 0,
            "area": 8584.992849825661
        },
        {
            "id": 320,
            "image_id": 72,
            "category_id": 2,
            "segmentation": [],
            "bbox": [
                195.30076637179454,
                257.5482153293998,
                1276.1129620884285,
                193.0814394812057
            ],
            "ignore": 0,
            "iscrowd": 0,
            "area": 246393.72766065906
        },
        {
            "id": 321,
            "image_id": 72,
            "category_id": 2,
            "segmentation": [],
            "bbox": [
                186.42345880944023,
                550.4993648870912,
                1320.4994999002,
                390.6015327435884
            ],
            "ignore": 0,
            "iscrowd": 0,
            "area": 515789.12864816
        },
        {
            "id": 322,
            "image_id": 72,
            "category_id": 2,
            "segmentation": [],
            "bbox": [
                190.86211259061736,
                1029.8739732542226,
                1298.3062309943139,
                335.01206445774864
            ],
            "ignore": 0,
            "iscrowd": 0,
            "area": 434948.25074376375
        },
        {
            "id": 323,
            "image_id": 72,
            "category_id": 3,
            "segmentation": [],
            "bbox": [
                186.42345880943998,
                1460.3170940072794,
                297.38980333886843,
                46.60586470236052
            ],
            "ignore": 0,
            "iscrowd": 0,
            "area": 13860.108938272904
        },
        {
            "id": 324,
            "image_id": 72,
            "category_id": 2,
            "segmentation": [],
            "bbox": [
                190.8621125906171,
                1531.335554506114,
                1287.209596541371,
                188.64278570002864
            ],
            "ignore": 0,
            "iscrowd": 0,
            "area": 242822.80407137418
        },
        {
            "id": 325,
            "image_id": 72,
            "category_id": 2,
            "segmentation": [],
            "bbox": [
                179.76547813767425,
                1868.6732418755769,
                1318.280173009611,
                201.95874704356007
            ],
            "ignore": 0,
            "iscrowd": 0,
            "area": 266238.2119933886
        }
    ],
    "categories": [
        {
            "id": 0,
            "name": "Figure"
        },
        {
            "id": 1,
            "name": "Table"
        },
        {
            "id": 2,
            "name": "text"
        },
        {
            "id": 3,
            "name": "title"
        }
    ]
}