{
    "info": {
        "year": 2025,
        "version": "1.0",
        "description": "",
        "contributor": "Label Studio",
        "url": "",
        "date_created": "2025-11-30 15:34:28.593648"
    },
    "licenses": [],
    "images": [
        {
            "width": 1700,
            "height": 2200,
            "id": 34,
            "file_name": "f77b004c-c23.png"
        }
    ],
    "annotations": [
        {
            "id": 149,
            "image_id": 34,
            "category_id": 0,
            "segmentation": [],
            "bbox": [
                155.97014925373134,
                164.1791044776119,
                1395.5223880597018,
                1132.8358208955224
            ],
            "ignore": 0,
            "iscrowd": 0,
            "area": 1580897.7500556922
        },
        {
            "id": 150,
            "image_id": 34,
            "category_id": 2,
            "segmentation": [],
            "bbox": [
                131.34328358208955,
                1346.268656716418,
                1325.7462686567162,
                110.82089552238811
            ],
            "ignore": 0,
            "iscrowd": 0,
            "area": 146920.38872800182
        }
    ],
    "categories": [
        {
            "id": 0,
            "name": "Figure"
        },
        {
            "id": 1,
            "name": "Table"
        },
        {
            "id": 2,
            "name": "text"
        },
        {
            "id": 3,
            "name": "title"
        }
    ]
}