{
    "info": {
        "year": 2025,
        "version": "1.0",
        "description": "",
        "contributor": "Label Studio",
        "url": "",
        "date_created": "2025-11-30 15:34:28.593648"
    },
    "licenses": [],
    "images": [
        {
            "width": 1654,
            "height": 2221,
            "id": 87,
            "file_name": "f863ac67-m3.png"
        }
    ],
    "annotations": [
        {
            "id": 410,
            "image_id": 87,
            "category_id": 2,
            "segmentation": [],
            "bbox": [
                96.2322576345277,
                366.2238899450131,
                614.0534534774604,
                1341.5374026708407
            ],
            "ignore": 0,
            "iscrowd": 0,
            "area": 823775.6750792122
        },
        {
            "id": 411,
            "image_id": 87,
            "category_id": 2,
            "segmentation": [],
            "bbox": [
                721.7419322589565,
                359.72534401478043,
                611.7622092480678,
                1345.74470437168
            ],
            "ignore": 0,
            "iscrowd": 0,
            "area": 823275.7534303069
        },
        {
            "id": 412,
            "image_id": 87,
            "category_id": 2,
            "segmentation": [],
            "bbox": [
                1344.9603626539908,
                368.89032093235517,
                245.16313254510544,
                407.841472832045
            ],
            "ignore": 0,
            "iscrowd": 0,
            "area": 99987.69306131366
        },
        {
            "id": 413,
            "image_id": 87,
            "category_id": 3,
            "segmentation": [],
            "bbox": [
                93.9410134051339,
                1745.9281027978548,
                682.7907803592663,
                59.57234996423154
            ],
            "ignore": 0,
            "iscrowd": 0,
            "area": 40675.45131991296
        },
        {
            "id": 414,
            "image_id": 87,
            "category_id": 2,
            "segmentation": [],
            "bbox": [
                84.77603648755986,
                1830.7041392854146,
                618.6359419362477,
                261.20184215086016
            ],
            "ignore": 0,
            "iscrowd": 0,
            "area": 161588.84765448046
        },
        {
            "id": 415,
            "image_id": 87,
            "category_id": 2,
            "segmentation": [],
            "bbox": [
                721.7419322589558,
                1832.9953835148078,
                604.8884765598868,
                256.6193536920734
            ],
            "ignore": 0,
            "iscrowd": 0,
            "area": 155226.08991058104
        },
        {
            "id": 416,
            "image_id": 87,
            "category_id": 2,
            "segmentation": [],
            "bbox": [
                1335.7953857364168,
                1835.2866277442017,
                203.92073641602224,
                105.39723455210144
            ],
            "ignore": 0,
            "iscrowd": 0,
            "area": 21492.68168607675
        }
    ],
    "categories": [
        {
            "id": 0,
            "name": "Figure"
        },
        {
            "id": 1,
            "name": "Table"
        },
        {
            "id": 2,
            "name": "text"
        },
        {
            "id": 3,
            "name": "title"
        }
    ]
}