{
    "info": {
        "year": 2025,
        "version": "1.0",
        "description": "",
        "contributor": "Label Studio",
        "url": "",
        "date_created": "2025-11-30 15:34:28.593648"
    },
    "licenses": [],
    "images": [
        {
            "width": 1700,
            "height": 2200,
            "id": 69,
            "file_name": "fa06d1cc-g1.png"
        }
    ],
    "annotations": [
        {
            "id": 302,
            "image_id": 69,
            "category_id": 2,
            "segmentation": [],
            "bbox": [
                180.8417464635064,
                194.3621937788181,
                1268.0710414669968,
                124.19252467975744
            ],
            "ignore": 0,
            "iscrowd": 0,
            "area": 157484.94411307573
        },
        {
            "id": 303,
            "image_id": 69,
            "category_id": 2,
            "segmentation": [],
            "bbox": [
                189.55701135331392,
                403.52855113419895,
                520.7370771660004,
                191.73582757576588
            ],
            "ignore": 0,
            "iscrowd": 0,
            "area": 99843.95443980854
        },
        {
            "id": 304,
            "image_id": 69,
            "category_id": 2,
            "segmentation": [],
            "bbox": [
                193.91464379821772,
                688.9534762753959,
                1311.6473659160347,
                265.81557913912997
            ],
            "ignore": 0,
            "iscrowd": 0,
            "area": 348656.3041972851
        },
        {
            "id": 305,
            "image_id": 69,
            "category_id": 3,
            "segmentation": [],
            "bbox": [
                180.8417464635064,
                1031.0276232003418,
                363.86230914946464,
                52.291589338845185
            ],
            "ignore": 0,
            "iscrowd": 0,
            "area": 19026.938445927735
        },
        {
            "id": 306,
            "image_id": 69,
            "category_id": 2,
            "segmentation": [],
            "bbox": [
                180.8417464635064,
                1102.928558541254,
                490.233650051674,
                413.5275322852578
            ],
            "ignore": 0,
            "iscrowd": 0,
            "area": 202725.11154906338
        },
        {
            "id": 307,
            "image_id": 69,
            "category_id": 2,
            "segmentation": [],
            "bbox": [
                191.73582757576582,
                1579.641761277616,
                599.1744611742682,
                76.25856778581593
            ],
            "ignore": 0,
            "iscrowd": 0,
            "area": 45692.18626298767
        },
        {
            "id": 308,
            "image_id": 69,
            "category_id": 2,
            "segmentation": [],
            "bbox": [
                187.37819513086208,
                1873.1775666322176,
                1311.6473659160347,
                213.52398980028457
            ],
            "ignore": 0,
            "iscrowd": 0,
            "area": 280068.1787814255
        }
    ],
    "categories": [
        {
            "id": 0,
            "name": "Figure"
        },
        {
            "id": 1,
            "name": "Table"
        },
        {
            "id": 2,
            "name": "text"
        },
        {
            "id": 3,
            "name": "title"
        }
    ]
}