{
    "info": {
        "year": 2025,
        "version": "1.0",
        "description": "",
        "contributor": "Label Studio",
        "url": "",
        "date_created": "2025-11-30 15:34:28.593648"
    },
    "licenses": [],
    "images": [
        {
            "width": 1700,
            "height": 2200,
            "id": 41,
            "file_name": "fd595c21-c30.png"
        }
    ],
    "annotations": [
        {
            "id": 163,
            "image_id": 41,
            "category_id": 0,
            "segmentation": [],
            "bbox": [
                155.97014925373134,
                213.43283582089552,
                1383.2089552238808,
                1132.8358208955224
            ],
            "ignore": 0,
            "iscrowd": 0,
            "area": 1566948.6522610828
        },
        {
            "id": 164,
            "image_id": 41,
            "category_id": 2,
            "segmentation": [],
            "bbox": [
                139.55223880597015,
                1379.1044776119406,
                1370.8955223880598,
                147.7611940298507
            ],
            "ignore": 0,
            "iscrowd": 0,
            "area": 202565.15927823566
        }
    ],
    "categories": [
        {
            "id": 0,
            "name": "Figure"
        },
        {
            "id": 1,
            "name": "Table"
        },
        {
            "id": 2,
            "name": "text"
        },
        {
            "id": 3,
            "name": "title"
        }
    ]
}